
Insert into ACCUMS.TEST_MEMBERS (MEMBER_ID,MEMBER_NAME,DEDUCTIBLE_THRESHOLD) values (-1,'MEMBER 1',11000);
Insert into ACCUMS.TEST_MEMBERS (MEMBER_ID,MEMBER_NAME,DEDUCTIBLE_THRESHOLD) values (-2,'MEMBER 2',17000);
Insert into ACCUMS.TEST_MEMBERS (MEMBER_ID,MEMBER_NAME,DEDUCTIBLE_THRESHOLD) values (-3,'MEMBER 3',4000);
Insert into ACCUMS.TEST_MEMBERS (MEMBER_ID,MEMBER_NAME,DEDUCTIBLE_THRESHOLD) values (-4,'MEMBER 4',8000);
Insert into ACCUMS.TEST_MEMBERS (MEMBER_ID,MEMBER_NAME,DEDUCTIBLE_THRESHOLD) values (-5,'MEMBER 5',13000);
Insert into ACCUMS.TEST_MEMBERS (MEMBER_ID,MEMBER_NAME,DEDUCTIBLE_THRESHOLD) values (-6,'MEMBER 6',17000);
Insert into ACCUMS.TEST_MEMBERS (MEMBER_ID,MEMBER_NAME,DEDUCTIBLE_THRESHOLD) values (-7,'MEMBER 7',4000);
Insert into ACCUMS.TEST_MEMBERS (MEMBER_ID,MEMBER_NAME,DEDUCTIBLE_THRESHOLD) values (-8,'MEMBER 8',4000);
Insert into ACCUMS.TEST_MEMBERS (MEMBER_ID,MEMBER_NAME,DEDUCTIBLE_THRESHOLD) values (-9,'MEMBER 9',19000);
Insert into ACCUMS.TEST_MEMBERS (MEMBER_ID,MEMBER_NAME,DEDUCTIBLE_THRESHOLD) values (-10,'MEMBER 10',17000);
Insert into ACCUMS.TEST_MEMBERS (MEMBER_ID,MEMBER_NAME,DEDUCTIBLE_THRESHOLD) values (-11,'MEMBER 11',17000);
Insert into ACCUMS.TEST_MEMBERS (MEMBER_ID,MEMBER_NAME,DEDUCTIBLE_THRESHOLD) values (-12,'MEMBER 12',13000);
Insert into ACCUMS.TEST_MEMBERS (MEMBER_ID,MEMBER_NAME,DEDUCTIBLE_THRESHOLD) values (-13,'MEMBER 13',14000);
Insert into ACCUMS.TEST_MEMBERS (MEMBER_ID,MEMBER_NAME,DEDUCTIBLE_THRESHOLD) values (-14,'MEMBER 14',7000);
Insert into ACCUMS.TEST_MEMBERS (MEMBER_ID,MEMBER_NAME,DEDUCTIBLE_THRESHOLD) values (-15,'MEMBER 15',6000);
Insert into ACCUMS.TEST_MEMBERS (MEMBER_ID,MEMBER_NAME,DEDUCTIBLE_THRESHOLD) values (-16,'MEMBER 16',5000);
Insert into ACCUMS.TEST_MEMBERS (MEMBER_ID,MEMBER_NAME,DEDUCTIBLE_THRESHOLD) values (-17,'MEMBER 17',4000);
Insert into ACCUMS.TEST_MEMBERS (MEMBER_ID,MEMBER_NAME,DEDUCTIBLE_THRESHOLD) values (-18,'MEMBER 18',19000);
Insert into ACCUMS.TEST_MEMBERS (MEMBER_ID,MEMBER_NAME,DEDUCTIBLE_THRESHOLD) values (-19,'MEMBER 19',20000);
Insert into ACCUMS.TEST_MEMBERS (MEMBER_ID,MEMBER_NAME,DEDUCTIBLE_THRESHOLD) values (-20,'MEMBER 20',4000);
Insert into ACCUMS.TEST_MEMBERS (MEMBER_ID,MEMBER_NAME,DEDUCTIBLE_THRESHOLD) values (-21,'MEMBER 21',9000);
Insert into ACCUMS.TEST_MEMBERS (MEMBER_ID,MEMBER_NAME,DEDUCTIBLE_THRESHOLD) values (-22,'MEMBER 22',19000);
Insert into ACCUMS.TEST_MEMBERS (MEMBER_ID,MEMBER_NAME,DEDUCTIBLE_THRESHOLD) values (-23,'MEMBER 23',9000);
Insert into ACCUMS.TEST_MEMBERS (MEMBER_ID,MEMBER_NAME,DEDUCTIBLE_THRESHOLD) values (-24,'MEMBER 24',16000);
Insert into ACCUMS.TEST_MEMBERS (MEMBER_ID,MEMBER_NAME,DEDUCTIBLE_THRESHOLD) values (-25,'MEMBER 25',20000);
Insert into ACCUMS.TEST_MEMBERS (MEMBER_ID,MEMBER_NAME,DEDUCTIBLE_THRESHOLD) values (-26,'MEMBER 26',3000);
Insert into ACCUMS.TEST_MEMBERS (MEMBER_ID,MEMBER_NAME,DEDUCTIBLE_THRESHOLD) values (-27,'MEMBER 27',4000);
Insert into ACCUMS.TEST_MEMBERS (MEMBER_ID,MEMBER_NAME,DEDUCTIBLE_THRESHOLD) values (-28,'MEMBER 28',17000);
Insert into ACCUMS.TEST_MEMBERS (MEMBER_ID,MEMBER_NAME,DEDUCTIBLE_THRESHOLD) values (-29,'MEMBER 29',18000);
Insert into ACCUMS.TEST_MEMBERS (MEMBER_ID,MEMBER_NAME,DEDUCTIBLE_THRESHOLD) values (-30,'MEMBER 30',16000);
Insert into ACCUMS.TEST_MEMBERS (MEMBER_ID,MEMBER_NAME,DEDUCTIBLE_THRESHOLD) values (-31,'MEMBER 31',9000);
Insert into ACCUMS.TEST_MEMBERS (MEMBER_ID,MEMBER_NAME,DEDUCTIBLE_THRESHOLD) values (-32,'MEMBER 32',9000);
Insert into ACCUMS.TEST_MEMBERS (MEMBER_ID,MEMBER_NAME,DEDUCTIBLE_THRESHOLD) values (-33,'MEMBER 33',10000);
Insert into ACCUMS.TEST_MEMBERS (MEMBER_ID,MEMBER_NAME,DEDUCTIBLE_THRESHOLD) values (-34,'MEMBER 34',14000);
Insert into ACCUMS.TEST_MEMBERS (MEMBER_ID,MEMBER_NAME,DEDUCTIBLE_THRESHOLD) values (-35,'MEMBER 35',8000);
Insert into ACCUMS.TEST_MEMBERS (MEMBER_ID,MEMBER_NAME,DEDUCTIBLE_THRESHOLD) values (-36,'MEMBER 36',4000);
Insert into ACCUMS.TEST_MEMBERS (MEMBER_ID,MEMBER_NAME,DEDUCTIBLE_THRESHOLD) values (-37,'MEMBER 37',3000);
Insert into ACCUMS.TEST_MEMBERS (MEMBER_ID,MEMBER_NAME,DEDUCTIBLE_THRESHOLD) values (-38,'MEMBER 38',5000);
Insert into ACCUMS.TEST_MEMBERS (MEMBER_ID,MEMBER_NAME,DEDUCTIBLE_THRESHOLD) values (-39,'MEMBER 39',19000);
Insert into ACCUMS.TEST_MEMBERS (MEMBER_ID,MEMBER_NAME,DEDUCTIBLE_THRESHOLD) values (-40,'MEMBER 40',19000);
Insert into ACCUMS.TEST_MEMBERS (MEMBER_ID,MEMBER_NAME,DEDUCTIBLE_THRESHOLD) values (-41,'MEMBER 41',9000);
Insert into ACCUMS.TEST_MEMBERS (MEMBER_ID,MEMBER_NAME,DEDUCTIBLE_THRESHOLD) values (-42,'MEMBER 42',18000);
Insert into ACCUMS.TEST_MEMBERS (MEMBER_ID,MEMBER_NAME,DEDUCTIBLE_THRESHOLD) values (-43,'MEMBER 43',13000);
Insert into ACCUMS.TEST_MEMBERS (MEMBER_ID,MEMBER_NAME,DEDUCTIBLE_THRESHOLD) values (-44,'MEMBER 44',7000);
Insert into ACCUMS.TEST_MEMBERS (MEMBER_ID,MEMBER_NAME,DEDUCTIBLE_THRESHOLD) values (-45,'MEMBER 45',18000);
Insert into ACCUMS.TEST_MEMBERS (MEMBER_ID,MEMBER_NAME,DEDUCTIBLE_THRESHOLD) values (-46,'MEMBER 46',8000);
Insert into ACCUMS.TEST_MEMBERS (MEMBER_ID,MEMBER_NAME,DEDUCTIBLE_THRESHOLD) values (-47,'MEMBER 47',16000);
Insert into ACCUMS.TEST_MEMBERS (MEMBER_ID,MEMBER_NAME,DEDUCTIBLE_THRESHOLD) values (-48,'MEMBER 48',7000);
Insert into ACCUMS.TEST_MEMBERS (MEMBER_ID,MEMBER_NAME,DEDUCTIBLE_THRESHOLD) values (-49,'MEMBER 49',19000);
Insert into ACCUMS.TEST_MEMBERS (MEMBER_ID,MEMBER_NAME,DEDUCTIBLE_THRESHOLD) values (-50,'MEMBER 50',10000);
Insert into ACCUMS.TEST_MEMBERS (MEMBER_ID,MEMBER_NAME,DEDUCTIBLE_THRESHOLD) values (-51,'MEMBER 51',16000);
Insert into ACCUMS.TEST_MEMBERS (MEMBER_ID,MEMBER_NAME,DEDUCTIBLE_THRESHOLD) values (-52,'MEMBER 52',12000);
Insert into ACCUMS.TEST_MEMBERS (MEMBER_ID,MEMBER_NAME,DEDUCTIBLE_THRESHOLD) values (-53,'MEMBER 53',4000);
Insert into ACCUMS.TEST_MEMBERS (MEMBER_ID,MEMBER_NAME,DEDUCTIBLE_THRESHOLD) values (-54,'MEMBER 54',6000);
Insert into ACCUMS.TEST_MEMBERS (MEMBER_ID,MEMBER_NAME,DEDUCTIBLE_THRESHOLD) values (-55,'MEMBER 55',16000);
Insert into ACCUMS.TEST_MEMBERS (MEMBER_ID,MEMBER_NAME,DEDUCTIBLE_THRESHOLD) values (-56,'MEMBER 56',11000);
Insert into ACCUMS.TEST_MEMBERS (MEMBER_ID,MEMBER_NAME,DEDUCTIBLE_THRESHOLD) values (-57,'MEMBER 57',18000);
Insert into ACCUMS.TEST_MEMBERS (MEMBER_ID,MEMBER_NAME,DEDUCTIBLE_THRESHOLD) values (-58,'MEMBER 58',5000);
Insert into ACCUMS.TEST_MEMBERS (MEMBER_ID,MEMBER_NAME,DEDUCTIBLE_THRESHOLD) values (-59,'MEMBER 59',4000);
Insert into ACCUMS.TEST_MEMBERS (MEMBER_ID,MEMBER_NAME,DEDUCTIBLE_THRESHOLD) values (-60,'MEMBER 60',11000);
Insert into ACCUMS.TEST_MEMBERS (MEMBER_ID,MEMBER_NAME,DEDUCTIBLE_THRESHOLD) values (-61,'MEMBER 61',13000);
Insert into ACCUMS.TEST_MEMBERS (MEMBER_ID,MEMBER_NAME,DEDUCTIBLE_THRESHOLD) values (-62,'MEMBER 62',10000);
Insert into ACCUMS.TEST_MEMBERS (MEMBER_ID,MEMBER_NAME,DEDUCTIBLE_THRESHOLD) values (-63,'MEMBER 63',10000);
Insert into ACCUMS.TEST_MEMBERS (MEMBER_ID,MEMBER_NAME,DEDUCTIBLE_THRESHOLD) values (-64,'MEMBER 64',9000);
Insert into ACCUMS.TEST_MEMBERS (MEMBER_ID,MEMBER_NAME,DEDUCTIBLE_THRESHOLD) values (-65,'MEMBER 65',11000);
Insert into ACCUMS.TEST_MEMBERS (MEMBER_ID,MEMBER_NAME,DEDUCTIBLE_THRESHOLD) values (-66,'MEMBER 66',5000);
Insert into ACCUMS.TEST_MEMBERS (MEMBER_ID,MEMBER_NAME,DEDUCTIBLE_THRESHOLD) values (-67,'MEMBER 67',14000);
Insert into ACCUMS.TEST_MEMBERS (MEMBER_ID,MEMBER_NAME,DEDUCTIBLE_THRESHOLD) values (-68,'MEMBER 68',15000);
Insert into ACCUMS.TEST_MEMBERS (MEMBER_ID,MEMBER_NAME,DEDUCTIBLE_THRESHOLD) values (-69,'MEMBER 69',9000);
Insert into ACCUMS.TEST_MEMBERS (MEMBER_ID,MEMBER_NAME,DEDUCTIBLE_THRESHOLD) values (-70,'MEMBER 70',5000);
Insert into ACCUMS.TEST_MEMBERS (MEMBER_ID,MEMBER_NAME,DEDUCTIBLE_THRESHOLD) values (-71,'MEMBER 71',4000);
Insert into ACCUMS.TEST_MEMBERS (MEMBER_ID,MEMBER_NAME,DEDUCTIBLE_THRESHOLD) values (-72,'MEMBER 72',10000);
Insert into ACCUMS.TEST_MEMBERS (MEMBER_ID,MEMBER_NAME,DEDUCTIBLE_THRESHOLD) values (-73,'MEMBER 73',17000);
Insert into ACCUMS.TEST_MEMBERS (MEMBER_ID,MEMBER_NAME,DEDUCTIBLE_THRESHOLD) values (-74,'MEMBER 74',12000);
Insert into ACCUMS.TEST_MEMBERS (MEMBER_ID,MEMBER_NAME,DEDUCTIBLE_THRESHOLD) values (-75,'MEMBER 75',9000);
Insert into ACCUMS.TEST_MEMBERS (MEMBER_ID,MEMBER_NAME,DEDUCTIBLE_THRESHOLD) values (-76,'MEMBER 76',7000);
Insert into ACCUMS.TEST_MEMBERS (MEMBER_ID,MEMBER_NAME,DEDUCTIBLE_THRESHOLD) values (-77,'MEMBER 77',7000);
Insert into ACCUMS.TEST_MEMBERS (MEMBER_ID,MEMBER_NAME,DEDUCTIBLE_THRESHOLD) values (-78,'MEMBER 78',4000);
Insert into ACCUMS.TEST_MEMBERS (MEMBER_ID,MEMBER_NAME,DEDUCTIBLE_THRESHOLD) values (-79,'MEMBER 79',20000);
Insert into ACCUMS.TEST_MEMBERS (MEMBER_ID,MEMBER_NAME,DEDUCTIBLE_THRESHOLD) values (-80,'MEMBER 80',18000);

commit;

Insert into ACCUMS.TEST_RX_CLAIMS (CLAIM_ID,CLAIM_DATE,CLAIM_AMOUNT,MEMBER_ID) values (-1,to_date('25-NOV-19','DD-MON-RR'),331.05,-27);
Insert into ACCUMS.TEST_RX_CLAIMS (CLAIM_ID,CLAIM_DATE,CLAIM_AMOUNT,MEMBER_ID) values (-3,to_date('19-OCT-19','DD-MON-RR'),109.98,-60);
Insert into ACCUMS.TEST_RX_CLAIMS (CLAIM_ID,CLAIM_DATE,CLAIM_AMOUNT,MEMBER_ID) values (-5,to_date('18-NOV-19','DD-MON-RR'),142.85,-24);
Insert into ACCUMS.TEST_RX_CLAIMS (CLAIM_ID,CLAIM_DATE,CLAIM_AMOUNT,MEMBER_ID) values (-7,to_date('07-OCT-19','DD-MON-RR'),79.51,-33);
Insert into ACCUMS.TEST_RX_CLAIMS (CLAIM_ID,CLAIM_DATE,CLAIM_AMOUNT,MEMBER_ID) values (-9,to_date('04-OCT-19','DD-MON-RR'),51.09,-62);
Insert into ACCUMS.TEST_RX_CLAIMS (CLAIM_ID,CLAIM_DATE,CLAIM_AMOUNT,MEMBER_ID) values (-11,to_date('05-DEC-19','DD-MON-RR'),125.13,-74);
Insert into ACCUMS.TEST_RX_CLAIMS (CLAIM_ID,CLAIM_DATE,CLAIM_AMOUNT,MEMBER_ID) values (-13,to_date('13-NOV-19','DD-MON-RR'),99.77,-52);
Insert into ACCUMS.TEST_RX_CLAIMS (CLAIM_ID,CLAIM_DATE,CLAIM_AMOUNT,MEMBER_ID) values (-15,to_date('11-DEC-19','DD-MON-RR'),338.35,-36);
Insert into ACCUMS.TEST_RX_CLAIMS (CLAIM_ID,CLAIM_DATE,CLAIM_AMOUNT,MEMBER_ID) values (-17,to_date('24-OCT-19','DD-MON-RR'),112.62,-36);
Insert into ACCUMS.TEST_RX_CLAIMS (CLAIM_ID,CLAIM_DATE,CLAIM_AMOUNT,MEMBER_ID) values (-19,to_date('10-NOV-19','DD-MON-RR'),170.8,-76);
Insert into ACCUMS.TEST_RX_CLAIMS (CLAIM_ID,CLAIM_DATE,CLAIM_AMOUNT,MEMBER_ID) values (-21,to_date('10-OCT-19','DD-MON-RR'),66.81,-47);
Insert into ACCUMS.TEST_RX_CLAIMS (CLAIM_ID,CLAIM_DATE,CLAIM_AMOUNT,MEMBER_ID) values (-23,to_date('29-DEC-19','DD-MON-RR'),33.35,-49);
Insert into ACCUMS.TEST_RX_CLAIMS (CLAIM_ID,CLAIM_DATE,CLAIM_AMOUNT,MEMBER_ID) values (-25,to_date('30-NOV-19','DD-MON-RR'),90.75,-4);
Insert into ACCUMS.TEST_RX_CLAIMS (CLAIM_ID,CLAIM_DATE,CLAIM_AMOUNT,MEMBER_ID) values (-27,to_date('18-NOV-19','DD-MON-RR'),297.85,-33);
Insert into ACCUMS.TEST_RX_CLAIMS (CLAIM_ID,CLAIM_DATE,CLAIM_AMOUNT,MEMBER_ID) values (-29,to_date('26-NOV-19','DD-MON-RR'),377.6,-59);
Insert into ACCUMS.TEST_RX_CLAIMS (CLAIM_ID,CLAIM_DATE,CLAIM_AMOUNT,MEMBER_ID) values (-31,to_date('01-NOV-19','DD-MON-RR'),193.91,-34);
Insert into ACCUMS.TEST_RX_CLAIMS (CLAIM_ID,CLAIM_DATE,CLAIM_AMOUNT,MEMBER_ID) values (-33,to_date('28-DEC-19','DD-MON-RR'),155.45,-74);
Insert into ACCUMS.TEST_RX_CLAIMS (CLAIM_ID,CLAIM_DATE,CLAIM_AMOUNT,MEMBER_ID) values (-35,to_date('08-DEC-19','DD-MON-RR'),66.06,-41);
Insert into ACCUMS.TEST_RX_CLAIMS (CLAIM_ID,CLAIM_DATE,CLAIM_AMOUNT,MEMBER_ID) values (-37,to_date('07-NOV-19','DD-MON-RR'),47.5,-14);
Insert into ACCUMS.TEST_RX_CLAIMS (CLAIM_ID,CLAIM_DATE,CLAIM_AMOUNT,MEMBER_ID) values (-39,to_date('08-DEC-19','DD-MON-RR'),142.23,-10);
Insert into ACCUMS.TEST_RX_CLAIMS (CLAIM_ID,CLAIM_DATE,CLAIM_AMOUNT,MEMBER_ID) values (-41,to_date('15-NOV-19','DD-MON-RR'),316.11,-46);
Insert into ACCUMS.TEST_RX_CLAIMS (CLAIM_ID,CLAIM_DATE,CLAIM_AMOUNT,MEMBER_ID) values (-43,to_date('21-OCT-19','DD-MON-RR'),203.85,-49);
Insert into ACCUMS.TEST_RX_CLAIMS (CLAIM_ID,CLAIM_DATE,CLAIM_AMOUNT,MEMBER_ID) values (-45,to_date('03-DEC-19','DD-MON-RR'),331.32,-73);
Insert into ACCUMS.TEST_RX_CLAIMS (CLAIM_ID,CLAIM_DATE,CLAIM_AMOUNT,MEMBER_ID) values (-47,to_date('22-DEC-19','DD-MON-RR'),27.6,-6);
Insert into ACCUMS.TEST_RX_CLAIMS (CLAIM_ID,CLAIM_DATE,CLAIM_AMOUNT,MEMBER_ID) values (-49,to_date('26-OCT-19','DD-MON-RR'),2.09,-67);
Insert into ACCUMS.TEST_RX_CLAIMS (CLAIM_ID,CLAIM_DATE,CLAIM_AMOUNT,MEMBER_ID) values (-51,to_date('12-NOV-19','DD-MON-RR'),265.27,-15);
Insert into ACCUMS.TEST_RX_CLAIMS (CLAIM_ID,CLAIM_DATE,CLAIM_AMOUNT,MEMBER_ID) values (-53,to_date('27-NOV-19','DD-MON-RR'),46.78,-54);
Insert into ACCUMS.TEST_RX_CLAIMS (CLAIM_ID,CLAIM_DATE,CLAIM_AMOUNT,MEMBER_ID) values (-55,to_date('22-NOV-19','DD-MON-RR'),1.42,-76);
Insert into ACCUMS.TEST_RX_CLAIMS (CLAIM_ID,CLAIM_DATE,CLAIM_AMOUNT,MEMBER_ID) values (-57,to_date('11-NOV-19','DD-MON-RR'),196.43,-34);
Insert into ACCUMS.TEST_RX_CLAIMS (CLAIM_ID,CLAIM_DATE,CLAIM_AMOUNT,MEMBER_ID) values (-59,to_date('30-DEC-19','DD-MON-RR'),120.45,-64);
Insert into ACCUMS.TEST_RX_CLAIMS (CLAIM_ID,CLAIM_DATE,CLAIM_AMOUNT,MEMBER_ID) values (-61,to_date('21-NOV-19','DD-MON-RR'),153.59,-14);
Insert into ACCUMS.TEST_RX_CLAIMS (CLAIM_ID,CLAIM_DATE,CLAIM_AMOUNT,MEMBER_ID) values (-63,to_date('13-OCT-19','DD-MON-RR'),320.4,-75);
Insert into ACCUMS.TEST_RX_CLAIMS (CLAIM_ID,CLAIM_DATE,CLAIM_AMOUNT,MEMBER_ID) values (-65,to_date('16-OCT-19','DD-MON-RR'),259.93,-6);
Insert into ACCUMS.TEST_RX_CLAIMS (CLAIM_ID,CLAIM_DATE,CLAIM_AMOUNT,MEMBER_ID) values (-67,to_date('20-OCT-19','DD-MON-RR'),135.03,-40);
Insert into ACCUMS.TEST_RX_CLAIMS (CLAIM_ID,CLAIM_DATE,CLAIM_AMOUNT,MEMBER_ID) values (-69,to_date('16-DEC-19','DD-MON-RR'),272.27,-77);
Insert into ACCUMS.TEST_RX_CLAIMS (CLAIM_ID,CLAIM_DATE,CLAIM_AMOUNT,MEMBER_ID) values (-71,to_date('24-DEC-19','DD-MON-RR'),366.49,-40);
Insert into ACCUMS.TEST_RX_CLAIMS (CLAIM_ID,CLAIM_DATE,CLAIM_AMOUNT,MEMBER_ID) values (-73,to_date('02-DEC-19','DD-MON-RR'),143.02,-64);
Insert into ACCUMS.TEST_RX_CLAIMS (CLAIM_ID,CLAIM_DATE,CLAIM_AMOUNT,MEMBER_ID) values (-75,to_date('25-DEC-19','DD-MON-RR'),176.38,-12);
Insert into ACCUMS.TEST_RX_CLAIMS (CLAIM_ID,CLAIM_DATE,CLAIM_AMOUNT,MEMBER_ID) values (-77,to_date('12-DEC-19','DD-MON-RR'),363.24,-51);
Insert into ACCUMS.TEST_RX_CLAIMS (CLAIM_ID,CLAIM_DATE,CLAIM_AMOUNT,MEMBER_ID) values (-79,to_date('22-NOV-19','DD-MON-RR'),290.83,-6);
Insert into ACCUMS.TEST_RX_CLAIMS (CLAIM_ID,CLAIM_DATE,CLAIM_AMOUNT,MEMBER_ID) values (-81,to_date('13-NOV-19','DD-MON-RR'),13.7,-58);
Insert into ACCUMS.TEST_RX_CLAIMS (CLAIM_ID,CLAIM_DATE,CLAIM_AMOUNT,MEMBER_ID) values (-83,to_date('03-JAN-20','DD-MON-RR'),93.89,-1);
Insert into ACCUMS.TEST_RX_CLAIMS (CLAIM_ID,CLAIM_DATE,CLAIM_AMOUNT,MEMBER_ID) values (-85,to_date('22-OCT-19','DD-MON-RR'),381.39,-62);
Insert into ACCUMS.TEST_RX_CLAIMS (CLAIM_ID,CLAIM_DATE,CLAIM_AMOUNT,MEMBER_ID) values (-87,to_date('03-OCT-19','DD-MON-RR'),208,-47);
Insert into ACCUMS.TEST_RX_CLAIMS (CLAIM_ID,CLAIM_DATE,CLAIM_AMOUNT,MEMBER_ID) values (-89,to_date('18-OCT-19','DD-MON-RR'),252.76,-52);
Insert into ACCUMS.TEST_RX_CLAIMS (CLAIM_ID,CLAIM_DATE,CLAIM_AMOUNT,MEMBER_ID) values (-91,to_date('13-DEC-19','DD-MON-RR'),378.4,-32);
Insert into ACCUMS.TEST_RX_CLAIMS (CLAIM_ID,CLAIM_DATE,CLAIM_AMOUNT,MEMBER_ID) values (-93,to_date('17-DEC-19','DD-MON-RR'),82.32,-54);
Insert into ACCUMS.TEST_RX_CLAIMS (CLAIM_ID,CLAIM_DATE,CLAIM_AMOUNT,MEMBER_ID) values (-95,to_date('16-OCT-19','DD-MON-RR'),30.33,-69);
Insert into ACCUMS.TEST_RX_CLAIMS (CLAIM_ID,CLAIM_DATE,CLAIM_AMOUNT,MEMBER_ID) values (-97,to_date('30-DEC-19','DD-MON-RR'),186.24,-20);
Insert into ACCUMS.TEST_RX_CLAIMS (CLAIM_ID,CLAIM_DATE,CLAIM_AMOUNT,MEMBER_ID) values (-99,to_date('11-OCT-19','DD-MON-RR'),158.93,-53);
Insert into ACCUMS.TEST_RX_CLAIMS (CLAIM_ID,CLAIM_DATE,CLAIM_AMOUNT,MEMBER_ID) values (-101,to_date('10-NOV-19','DD-MON-RR'),130.83,-15);
Insert into ACCUMS.TEST_RX_CLAIMS (CLAIM_ID,CLAIM_DATE,CLAIM_AMOUNT,MEMBER_ID) values (-103,to_date('30-OCT-19','DD-MON-RR'),9.62,-13);
Insert into ACCUMS.TEST_RX_CLAIMS (CLAIM_ID,CLAIM_DATE,CLAIM_AMOUNT,MEMBER_ID) values (-105,to_date('08-OCT-19','DD-MON-RR'),332.95,-48);
Insert into ACCUMS.TEST_RX_CLAIMS (CLAIM_ID,CLAIM_DATE,CLAIM_AMOUNT,MEMBER_ID) values (-107,to_date('05-OCT-19','DD-MON-RR'),368.02,-9);
Insert into ACCUMS.TEST_RX_CLAIMS (CLAIM_ID,CLAIM_DATE,CLAIM_AMOUNT,MEMBER_ID) values (-109,to_date('02-NOV-19','DD-MON-RR'),69.9,-28);
Insert into ACCUMS.TEST_RX_CLAIMS (CLAIM_ID,CLAIM_DATE,CLAIM_AMOUNT,MEMBER_ID) values (-111,to_date('23-NOV-19','DD-MON-RR'),329.27,-43);
Insert into ACCUMS.TEST_RX_CLAIMS (CLAIM_ID,CLAIM_DATE,CLAIM_AMOUNT,MEMBER_ID) values (-113,to_date('11-DEC-19','DD-MON-RR'),225.09,-9);
Insert into ACCUMS.TEST_RX_CLAIMS (CLAIM_ID,CLAIM_DATE,CLAIM_AMOUNT,MEMBER_ID) values (-115,to_date('19-NOV-19','DD-MON-RR'),9.95,-24);
Insert into ACCUMS.TEST_RX_CLAIMS (CLAIM_ID,CLAIM_DATE,CLAIM_AMOUNT,MEMBER_ID) values (-117,to_date('21-DEC-19','DD-MON-RR'),346.58,-26);
Insert into ACCUMS.TEST_RX_CLAIMS (CLAIM_ID,CLAIM_DATE,CLAIM_AMOUNT,MEMBER_ID) values (-119,to_date('30-DEC-19','DD-MON-RR'),109.68,-40);
Insert into ACCUMS.TEST_RX_CLAIMS (CLAIM_ID,CLAIM_DATE,CLAIM_AMOUNT,MEMBER_ID) values (-121,to_date('15-NOV-19','DD-MON-RR'),74.67,-68);
Insert into ACCUMS.TEST_RX_CLAIMS (CLAIM_ID,CLAIM_DATE,CLAIM_AMOUNT,MEMBER_ID) values (-123,to_date('16-OCT-19','DD-MON-RR'),86.86,-32);
Insert into ACCUMS.TEST_RX_CLAIMS (CLAIM_ID,CLAIM_DATE,CLAIM_AMOUNT,MEMBER_ID) values (-125,to_date('15-OCT-19','DD-MON-RR'),188.62,-75);
Insert into ACCUMS.TEST_RX_CLAIMS (CLAIM_ID,CLAIM_DATE,CLAIM_AMOUNT,MEMBER_ID) values (-127,to_date('26-NOV-19','DD-MON-RR'),344.02,-4);
Insert into ACCUMS.TEST_RX_CLAIMS (CLAIM_ID,CLAIM_DATE,CLAIM_AMOUNT,MEMBER_ID) values (-129,to_date('16-NOV-19','DD-MON-RR'),228.47,-9);
Insert into ACCUMS.TEST_RX_CLAIMS (CLAIM_ID,CLAIM_DATE,CLAIM_AMOUNT,MEMBER_ID) values (-131,to_date('07-JAN-20','DD-MON-RR'),331.99,-60);
Insert into ACCUMS.TEST_RX_CLAIMS (CLAIM_ID,CLAIM_DATE,CLAIM_AMOUNT,MEMBER_ID) values (-133,to_date('08-JAN-20','DD-MON-RR'),144.43,-20);
Insert into ACCUMS.TEST_RX_CLAIMS (CLAIM_ID,CLAIM_DATE,CLAIM_AMOUNT,MEMBER_ID) values (-135,to_date('10-NOV-19','DD-MON-RR'),19.07,-28);
Insert into ACCUMS.TEST_RX_CLAIMS (CLAIM_ID,CLAIM_DATE,CLAIM_AMOUNT,MEMBER_ID) values (-137,to_date('18-NOV-19','DD-MON-RR'),216.53,-11);
Insert into ACCUMS.TEST_RX_CLAIMS (CLAIM_ID,CLAIM_DATE,CLAIM_AMOUNT,MEMBER_ID) values (-139,to_date('01-DEC-19','DD-MON-RR'),32.88,-61);
Insert into ACCUMS.TEST_RX_CLAIMS (CLAIM_ID,CLAIM_DATE,CLAIM_AMOUNT,MEMBER_ID) values (-141,to_date('11-DEC-19','DD-MON-RR'),343.43,-5);
Insert into ACCUMS.TEST_RX_CLAIMS (CLAIM_ID,CLAIM_DATE,CLAIM_AMOUNT,MEMBER_ID) values (-143,to_date('06-JAN-20','DD-MON-RR'),345.93,-67);
Insert into ACCUMS.TEST_RX_CLAIMS (CLAIM_ID,CLAIM_DATE,CLAIM_AMOUNT,MEMBER_ID) values (-145,to_date('14-OCT-19','DD-MON-RR'),18.74,-72);
Insert into ACCUMS.TEST_RX_CLAIMS (CLAIM_ID,CLAIM_DATE,CLAIM_AMOUNT,MEMBER_ID) values (-147,to_date('30-DEC-19','DD-MON-RR'),21.96,-10);
Insert into ACCUMS.TEST_RX_CLAIMS (CLAIM_ID,CLAIM_DATE,CLAIM_AMOUNT,MEMBER_ID) values (-149,to_date('16-DEC-19','DD-MON-RR'),159.43,-73);
Insert into ACCUMS.TEST_RX_CLAIMS (CLAIM_ID,CLAIM_DATE,CLAIM_AMOUNT,MEMBER_ID) values (-151,to_date('18-OCT-19','DD-MON-RR'),118.04,-18);
Insert into ACCUMS.TEST_RX_CLAIMS (CLAIM_ID,CLAIM_DATE,CLAIM_AMOUNT,MEMBER_ID) values (-153,to_date('27-OCT-19','DD-MON-RR'),251.26,-73);
Insert into ACCUMS.TEST_RX_CLAIMS (CLAIM_ID,CLAIM_DATE,CLAIM_AMOUNT,MEMBER_ID) values (-155,to_date('17-DEC-19','DD-MON-RR'),157.65,-47);
Insert into ACCUMS.TEST_RX_CLAIMS (CLAIM_ID,CLAIM_DATE,CLAIM_AMOUNT,MEMBER_ID) values (-157,to_date('19-DEC-19','DD-MON-RR'),193.66,-11);
Insert into ACCUMS.TEST_RX_CLAIMS (CLAIM_ID,CLAIM_DATE,CLAIM_AMOUNT,MEMBER_ID) values (-159,to_date('18-DEC-19','DD-MON-RR'),209.38,-21);
Insert into ACCUMS.TEST_RX_CLAIMS (CLAIM_ID,CLAIM_DATE,CLAIM_AMOUNT,MEMBER_ID) values (-161,to_date('11-NOV-19','DD-MON-RR'),340.8,-13);
Insert into ACCUMS.TEST_RX_CLAIMS (CLAIM_ID,CLAIM_DATE,CLAIM_AMOUNT,MEMBER_ID) values (-163,to_date('30-NOV-19','DD-MON-RR'),245.86,-54);
Insert into ACCUMS.TEST_RX_CLAIMS (CLAIM_ID,CLAIM_DATE,CLAIM_AMOUNT,MEMBER_ID) values (-165,to_date('21-DEC-19','DD-MON-RR'),127.35,-36);
Insert into ACCUMS.TEST_RX_CLAIMS (CLAIM_ID,CLAIM_DATE,CLAIM_AMOUNT,MEMBER_ID) values (-167,to_date('06-NOV-19','DD-MON-RR'),177.11,-71);
Insert into ACCUMS.TEST_RX_CLAIMS (CLAIM_ID,CLAIM_DATE,CLAIM_AMOUNT,MEMBER_ID) values (-169,to_date('31-OCT-19','DD-MON-RR'),19.88,-65);
Insert into ACCUMS.TEST_RX_CLAIMS (CLAIM_ID,CLAIM_DATE,CLAIM_AMOUNT,MEMBER_ID) values (-171,to_date('04-NOV-19','DD-MON-RR'),132.31,-39);
Insert into ACCUMS.TEST_RX_CLAIMS (CLAIM_ID,CLAIM_DATE,CLAIM_AMOUNT,MEMBER_ID) values (-173,to_date('25-DEC-19','DD-MON-RR'),249.75,-1);
Insert into ACCUMS.TEST_RX_CLAIMS (CLAIM_ID,CLAIM_DATE,CLAIM_AMOUNT,MEMBER_ID) values (-175,to_date('25-NOV-19','DD-MON-RR'),160.11,-64);
Insert into ACCUMS.TEST_RX_CLAIMS (CLAIM_ID,CLAIM_DATE,CLAIM_AMOUNT,MEMBER_ID) values (-177,to_date('26-OCT-19','DD-MON-RR'),344.82,-77);
Insert into ACCUMS.TEST_RX_CLAIMS (CLAIM_ID,CLAIM_DATE,CLAIM_AMOUNT,MEMBER_ID) values (-179,to_date('15-NOV-19','DD-MON-RR'),115.31,-72);
Insert into ACCUMS.TEST_RX_CLAIMS (CLAIM_ID,CLAIM_DATE,CLAIM_AMOUNT,MEMBER_ID) values (-181,to_date('02-DEC-19','DD-MON-RR'),24.72,-75);
Insert into ACCUMS.TEST_RX_CLAIMS (CLAIM_ID,CLAIM_DATE,CLAIM_AMOUNT,MEMBER_ID) values (-183,to_date('14-DEC-19','DD-MON-RR'),132.85,-75);
Insert into ACCUMS.TEST_RX_CLAIMS (CLAIM_ID,CLAIM_DATE,CLAIM_AMOUNT,MEMBER_ID) values (-185,to_date('08-OCT-19','DD-MON-RR'),36.26,-67);
Insert into ACCUMS.TEST_RX_CLAIMS (CLAIM_ID,CLAIM_DATE,CLAIM_AMOUNT,MEMBER_ID) values (-187,to_date('22-NOV-19','DD-MON-RR'),180.43,-73);
Insert into ACCUMS.TEST_RX_CLAIMS (CLAIM_ID,CLAIM_DATE,CLAIM_AMOUNT,MEMBER_ID) values (-189,to_date('22-NOV-19','DD-MON-RR'),84.41,-50);
Insert into ACCUMS.TEST_RX_CLAIMS (CLAIM_ID,CLAIM_DATE,CLAIM_AMOUNT,MEMBER_ID) values (-191,to_date('10-NOV-19','DD-MON-RR'),209.69,-55);
Insert into ACCUMS.TEST_RX_CLAIMS (CLAIM_ID,CLAIM_DATE,CLAIM_AMOUNT,MEMBER_ID) values (-193,to_date('19-DEC-19','DD-MON-RR'),280.06,-59);
Insert into ACCUMS.TEST_RX_CLAIMS (CLAIM_ID,CLAIM_DATE,CLAIM_AMOUNT,MEMBER_ID) values (-195,to_date('15-NOV-19','DD-MON-RR'),273.46,-76);
Insert into ACCUMS.TEST_RX_CLAIMS (CLAIM_ID,CLAIM_DATE,CLAIM_AMOUNT,MEMBER_ID) values (-197,to_date('08-OCT-19','DD-MON-RR'),12.2,-59);
Insert into ACCUMS.TEST_RX_CLAIMS (CLAIM_ID,CLAIM_DATE,CLAIM_AMOUNT,MEMBER_ID) values (-199,to_date('08-OCT-19','DD-MON-RR'),343.65,-22);
Insert into ACCUMS.TEST_RX_CLAIMS (CLAIM_ID,CLAIM_DATE,CLAIM_AMOUNT,MEMBER_ID) values (-201,to_date('21-NOV-19','DD-MON-RR'),340.95,-68);
Insert into ACCUMS.TEST_RX_CLAIMS (CLAIM_ID,CLAIM_DATE,CLAIM_AMOUNT,MEMBER_ID) values (-203,to_date('16-OCT-19','DD-MON-RR'),55.63,-63);
Insert into ACCUMS.TEST_RX_CLAIMS (CLAIM_ID,CLAIM_DATE,CLAIM_AMOUNT,MEMBER_ID) values (-205,to_date('26-NOV-19','DD-MON-RR'),10.52,-11);
Insert into ACCUMS.TEST_RX_CLAIMS (CLAIM_ID,CLAIM_DATE,CLAIM_AMOUNT,MEMBER_ID) values (-207,to_date('16-OCT-19','DD-MON-RR'),164.66,-20);
Insert into ACCUMS.TEST_RX_CLAIMS (CLAIM_ID,CLAIM_DATE,CLAIM_AMOUNT,MEMBER_ID) values (-209,to_date('15-OCT-19','DD-MON-RR'),212.47,-31);
Insert into ACCUMS.TEST_RX_CLAIMS (CLAIM_ID,CLAIM_DATE,CLAIM_AMOUNT,MEMBER_ID) values (-211,to_date('04-NOV-19','DD-MON-RR'),278.8,-45);
Insert into ACCUMS.TEST_RX_CLAIMS (CLAIM_ID,CLAIM_DATE,CLAIM_AMOUNT,MEMBER_ID) values (-213,to_date('14-OCT-19','DD-MON-RR'),159.65,-66);
Insert into ACCUMS.TEST_RX_CLAIMS (CLAIM_ID,CLAIM_DATE,CLAIM_AMOUNT,MEMBER_ID) values (-215,to_date('13-DEC-19','DD-MON-RR'),148.61,-5);
Insert into ACCUMS.TEST_RX_CLAIMS (CLAIM_ID,CLAIM_DATE,CLAIM_AMOUNT,MEMBER_ID) values (-217,to_date('15-NOV-19','DD-MON-RR'),311.92,-22);
Insert into ACCUMS.TEST_RX_CLAIMS (CLAIM_ID,CLAIM_DATE,CLAIM_AMOUNT,MEMBER_ID) values (-219,to_date('29-OCT-19','DD-MON-RR'),141.03,-31);
Insert into ACCUMS.TEST_RX_CLAIMS (CLAIM_ID,CLAIM_DATE,CLAIM_AMOUNT,MEMBER_ID) values (-221,to_date('10-DEC-19','DD-MON-RR'),203.71,-67);
Insert into ACCUMS.TEST_RX_CLAIMS (CLAIM_ID,CLAIM_DATE,CLAIM_AMOUNT,MEMBER_ID) values (-223,to_date('01-JAN-20','DD-MON-RR'),123.22,-34);
Insert into ACCUMS.TEST_RX_CLAIMS (CLAIM_ID,CLAIM_DATE,CLAIM_AMOUNT,MEMBER_ID) values (-225,to_date('04-NOV-19','DD-MON-RR'),45.7,-63);
Insert into ACCUMS.TEST_RX_CLAIMS (CLAIM_ID,CLAIM_DATE,CLAIM_AMOUNT,MEMBER_ID) values (-227,to_date('27-DEC-19','DD-MON-RR'),166.19,-25);
Insert into ACCUMS.TEST_RX_CLAIMS (CLAIM_ID,CLAIM_DATE,CLAIM_AMOUNT,MEMBER_ID) values (-229,to_date('05-NOV-19','DD-MON-RR'),150.52,-5);
Insert into ACCUMS.TEST_RX_CLAIMS (CLAIM_ID,CLAIM_DATE,CLAIM_AMOUNT,MEMBER_ID) values (-231,to_date('06-DEC-19','DD-MON-RR'),65.76,-73);
Insert into ACCUMS.TEST_RX_CLAIMS (CLAIM_ID,CLAIM_DATE,CLAIM_AMOUNT,MEMBER_ID) values (-233,to_date('07-JAN-20','DD-MON-RR'),137.5,-54);
Insert into ACCUMS.TEST_RX_CLAIMS (CLAIM_ID,CLAIM_DATE,CLAIM_AMOUNT,MEMBER_ID) values (-235,to_date('10-DEC-19','DD-MON-RR'),84.09,-71);
Insert into ACCUMS.TEST_RX_CLAIMS (CLAIM_ID,CLAIM_DATE,CLAIM_AMOUNT,MEMBER_ID) values (-237,to_date('13-NOV-19','DD-MON-RR'),338.71,-61);
Insert into ACCUMS.TEST_RX_CLAIMS (CLAIM_ID,CLAIM_DATE,CLAIM_AMOUNT,MEMBER_ID) values (-239,to_date('07-DEC-19','DD-MON-RR'),376.99,-71);
Insert into ACCUMS.TEST_RX_CLAIMS (CLAIM_ID,CLAIM_DATE,CLAIM_AMOUNT,MEMBER_ID) values (-241,to_date('29-OCT-19','DD-MON-RR'),166.87,-38);
Insert into ACCUMS.TEST_RX_CLAIMS (CLAIM_ID,CLAIM_DATE,CLAIM_AMOUNT,MEMBER_ID) values (-243,to_date('22-NOV-19','DD-MON-RR'),269.23,-37);
Insert into ACCUMS.TEST_RX_CLAIMS (CLAIM_ID,CLAIM_DATE,CLAIM_AMOUNT,MEMBER_ID) values (-245,to_date('28-DEC-19','DD-MON-RR'),168.98,-50);
Insert into ACCUMS.TEST_RX_CLAIMS (CLAIM_ID,CLAIM_DATE,CLAIM_AMOUNT,MEMBER_ID) values (-247,to_date('15-NOV-19','DD-MON-RR'),87.24,-18);
Insert into ACCUMS.TEST_RX_CLAIMS (CLAIM_ID,CLAIM_DATE,CLAIM_AMOUNT,MEMBER_ID) values (-249,to_date('04-OCT-19','DD-MON-RR'),265.64,-9);
Insert into ACCUMS.TEST_RX_CLAIMS (CLAIM_ID,CLAIM_DATE,CLAIM_AMOUNT,MEMBER_ID) values (-251,to_date('20-NOV-19','DD-MON-RR'),293.98,-61);
Insert into ACCUMS.TEST_RX_CLAIMS (CLAIM_ID,CLAIM_DATE,CLAIM_AMOUNT,MEMBER_ID) values (-253,to_date('07-OCT-19','DD-MON-RR'),309.42,-71);
Insert into ACCUMS.TEST_RX_CLAIMS (CLAIM_ID,CLAIM_DATE,CLAIM_AMOUNT,MEMBER_ID) values (-255,to_date('22-DEC-19','DD-MON-RR'),273.86,-22);
Insert into ACCUMS.TEST_RX_CLAIMS (CLAIM_ID,CLAIM_DATE,CLAIM_AMOUNT,MEMBER_ID) values (-257,to_date('11-DEC-19','DD-MON-RR'),349.72,-14);
Insert into ACCUMS.TEST_RX_CLAIMS (CLAIM_ID,CLAIM_DATE,CLAIM_AMOUNT,MEMBER_ID) values (-259,to_date('03-NOV-19','DD-MON-RR'),275.15,-7);
Insert into ACCUMS.TEST_RX_CLAIMS (CLAIM_ID,CLAIM_DATE,CLAIM_AMOUNT,MEMBER_ID) values (-261,to_date('06-JAN-20','DD-MON-RR'),390.66,-33);
Insert into ACCUMS.TEST_RX_CLAIMS (CLAIM_ID,CLAIM_DATE,CLAIM_AMOUNT,MEMBER_ID) values (-263,to_date('23-NOV-19','DD-MON-RR'),22.93,-16);
Insert into ACCUMS.TEST_RX_CLAIMS (CLAIM_ID,CLAIM_DATE,CLAIM_AMOUNT,MEMBER_ID) values (-265,to_date('20-OCT-19','DD-MON-RR'),288.58,-72);
Insert into ACCUMS.TEST_RX_CLAIMS (CLAIM_ID,CLAIM_DATE,CLAIM_AMOUNT,MEMBER_ID) values (-267,to_date('11-DEC-19','DD-MON-RR'),101.33,-43);
Insert into ACCUMS.TEST_RX_CLAIMS (CLAIM_ID,CLAIM_DATE,CLAIM_AMOUNT,MEMBER_ID) values (-269,to_date('15-DEC-19','DD-MON-RR'),68.64,-34);
Insert into ACCUMS.TEST_RX_CLAIMS (CLAIM_ID,CLAIM_DATE,CLAIM_AMOUNT,MEMBER_ID) values (-271,to_date('13-NOV-19','DD-MON-RR'),384.72,-60);
Insert into ACCUMS.TEST_RX_CLAIMS (CLAIM_ID,CLAIM_DATE,CLAIM_AMOUNT,MEMBER_ID) values (-273,to_date('27-DEC-19','DD-MON-RR'),256.55,-59);
Insert into ACCUMS.TEST_RX_CLAIMS (CLAIM_ID,CLAIM_DATE,CLAIM_AMOUNT,MEMBER_ID) values (-275,to_date('22-OCT-19','DD-MON-RR'),37.68,-48);
Insert into ACCUMS.TEST_RX_CLAIMS (CLAIM_ID,CLAIM_DATE,CLAIM_AMOUNT,MEMBER_ID) values (-277,to_date('28-NOV-19','DD-MON-RR'),385.74,-75);
Insert into ACCUMS.TEST_RX_CLAIMS (CLAIM_ID,CLAIM_DATE,CLAIM_AMOUNT,MEMBER_ID) values (-279,to_date('03-DEC-19','DD-MON-RR'),108.97,-13);
Insert into ACCUMS.TEST_RX_CLAIMS (CLAIM_ID,CLAIM_DATE,CLAIM_AMOUNT,MEMBER_ID) values (-281,to_date('22-NOV-19','DD-MON-RR'),14.17,-2);
Insert into ACCUMS.TEST_RX_CLAIMS (CLAIM_ID,CLAIM_DATE,CLAIM_AMOUNT,MEMBER_ID) values (-283,to_date('08-DEC-19','DD-MON-RR'),371.63,-30);
Insert into ACCUMS.TEST_RX_CLAIMS (CLAIM_ID,CLAIM_DATE,CLAIM_AMOUNT,MEMBER_ID) values (-285,to_date('06-OCT-19','DD-MON-RR'),33.45,-28);
Insert into ACCUMS.TEST_RX_CLAIMS (CLAIM_ID,CLAIM_DATE,CLAIM_AMOUNT,MEMBER_ID) values (-287,to_date('28-DEC-19','DD-MON-RR'),264.62,-12);
Insert into ACCUMS.TEST_RX_CLAIMS (CLAIM_ID,CLAIM_DATE,CLAIM_AMOUNT,MEMBER_ID) values (-289,to_date('09-OCT-19','DD-MON-RR'),371.75,-19);
Insert into ACCUMS.TEST_RX_CLAIMS (CLAIM_ID,CLAIM_DATE,CLAIM_AMOUNT,MEMBER_ID) values (-291,to_date('27-NOV-19','DD-MON-RR'),240.02,-54);
Insert into ACCUMS.TEST_RX_CLAIMS (CLAIM_ID,CLAIM_DATE,CLAIM_AMOUNT,MEMBER_ID) values (-293,to_date('16-NOV-19','DD-MON-RR'),42.25,-3);
Insert into ACCUMS.TEST_RX_CLAIMS (CLAIM_ID,CLAIM_DATE,CLAIM_AMOUNT,MEMBER_ID) values (-295,to_date('03-OCT-19','DD-MON-RR'),147.8,-5);
Insert into ACCUMS.TEST_RX_CLAIMS (CLAIM_ID,CLAIM_DATE,CLAIM_AMOUNT,MEMBER_ID) values (-297,to_date('21-NOV-19','DD-MON-RR'),193.19,-75);
Insert into ACCUMS.TEST_RX_CLAIMS (CLAIM_ID,CLAIM_DATE,CLAIM_AMOUNT,MEMBER_ID) values (-299,to_date('14-OCT-19','DD-MON-RR'),161.76,-77);
Insert into ACCUMS.TEST_RX_CLAIMS (CLAIM_ID,CLAIM_DATE,CLAIM_AMOUNT,MEMBER_ID) values (-301,to_date('30-OCT-19','DD-MON-RR'),295.59,-43);
Insert into ACCUMS.TEST_RX_CLAIMS (CLAIM_ID,CLAIM_DATE,CLAIM_AMOUNT,MEMBER_ID) values (-303,to_date('24-OCT-19','DD-MON-RR'),198.55,-16);
Insert into ACCUMS.TEST_RX_CLAIMS (CLAIM_ID,CLAIM_DATE,CLAIM_AMOUNT,MEMBER_ID) values (-305,to_date('06-JAN-20','DD-MON-RR'),40.26,-3);
Insert into ACCUMS.TEST_RX_CLAIMS (CLAIM_ID,CLAIM_DATE,CLAIM_AMOUNT,MEMBER_ID) values (-307,to_date('30-OCT-19','DD-MON-RR'),167.21,-33);
Insert into ACCUMS.TEST_RX_CLAIMS (CLAIM_ID,CLAIM_DATE,CLAIM_AMOUNT,MEMBER_ID) values (-309,to_date('29-DEC-19','DD-MON-RR'),120.77,-1);
Insert into ACCUMS.TEST_RX_CLAIMS (CLAIM_ID,CLAIM_DATE,CLAIM_AMOUNT,MEMBER_ID) values (-311,to_date('12-NOV-19','DD-MON-RR'),100.9,-67);
Insert into ACCUMS.TEST_RX_CLAIMS (CLAIM_ID,CLAIM_DATE,CLAIM_AMOUNT,MEMBER_ID) values (-313,to_date('12-OCT-19','DD-MON-RR'),300.18,-69);
Insert into ACCUMS.TEST_RX_CLAIMS (CLAIM_ID,CLAIM_DATE,CLAIM_AMOUNT,MEMBER_ID) values (-315,to_date('22-DEC-19','DD-MON-RR'),208.41,-47);
Insert into ACCUMS.TEST_RX_CLAIMS (CLAIM_ID,CLAIM_DATE,CLAIM_AMOUNT,MEMBER_ID) values (-317,to_date('31-OCT-19','DD-MON-RR'),234.99,-66);
Insert into ACCUMS.TEST_RX_CLAIMS (CLAIM_ID,CLAIM_DATE,CLAIM_AMOUNT,MEMBER_ID) values (-319,to_date('19-DEC-19','DD-MON-RR'),327.13,-4);
Insert into ACCUMS.TEST_RX_CLAIMS (CLAIM_ID,CLAIM_DATE,CLAIM_AMOUNT,MEMBER_ID) values (-321,to_date('10-NOV-19','DD-MON-RR'),141.93,-60);
Insert into ACCUMS.TEST_RX_CLAIMS (CLAIM_ID,CLAIM_DATE,CLAIM_AMOUNT,MEMBER_ID) values (-323,to_date('28-DEC-19','DD-MON-RR'),369.89,-68);
Insert into ACCUMS.TEST_RX_CLAIMS (CLAIM_ID,CLAIM_DATE,CLAIM_AMOUNT,MEMBER_ID) values (-325,to_date('05-JAN-20','DD-MON-RR'),355.84,-75);
Insert into ACCUMS.TEST_RX_CLAIMS (CLAIM_ID,CLAIM_DATE,CLAIM_AMOUNT,MEMBER_ID) values (-327,to_date('26-DEC-19','DD-MON-RR'),324.59,-71);
Insert into ACCUMS.TEST_RX_CLAIMS (CLAIM_ID,CLAIM_DATE,CLAIM_AMOUNT,MEMBER_ID) values (-329,to_date('14-DEC-19','DD-MON-RR'),316.93,-6);
Insert into ACCUMS.TEST_RX_CLAIMS (CLAIM_ID,CLAIM_DATE,CLAIM_AMOUNT,MEMBER_ID) values (-331,to_date('21-NOV-19','DD-MON-RR'),199.15,-9);
Insert into ACCUMS.TEST_RX_CLAIMS (CLAIM_ID,CLAIM_DATE,CLAIM_AMOUNT,MEMBER_ID) values (-333,to_date('10-OCT-19','DD-MON-RR'),115.7,-36);
Insert into ACCUMS.TEST_RX_CLAIMS (CLAIM_ID,CLAIM_DATE,CLAIM_AMOUNT,MEMBER_ID) values (-335,to_date('28-DEC-19','DD-MON-RR'),296.46,-39);
Insert into ACCUMS.TEST_RX_CLAIMS (CLAIM_ID,CLAIM_DATE,CLAIM_AMOUNT,MEMBER_ID) values (-337,to_date('05-NOV-19','DD-MON-RR'),136.65,-51);
Insert into ACCUMS.TEST_RX_CLAIMS (CLAIM_ID,CLAIM_DATE,CLAIM_AMOUNT,MEMBER_ID) values (-339,to_date('20-OCT-19','DD-MON-RR'),343.54,-12);
Insert into ACCUMS.TEST_RX_CLAIMS (CLAIM_ID,CLAIM_DATE,CLAIM_AMOUNT,MEMBER_ID) values (-341,to_date('27-OCT-19','DD-MON-RR'),240.87,-34);
Insert into ACCUMS.TEST_RX_CLAIMS (CLAIM_ID,CLAIM_DATE,CLAIM_AMOUNT,MEMBER_ID) values (-343,to_date('16-OCT-19','DD-MON-RR'),380.98,-15);
Insert into ACCUMS.TEST_RX_CLAIMS (CLAIM_ID,CLAIM_DATE,CLAIM_AMOUNT,MEMBER_ID) values (-345,to_date('19-NOV-19','DD-MON-RR'),100.85,-45);
Insert into ACCUMS.TEST_RX_CLAIMS (CLAIM_ID,CLAIM_DATE,CLAIM_AMOUNT,MEMBER_ID) values (-347,to_date('06-OCT-19','DD-MON-RR'),363.73,-11);
Insert into ACCUMS.TEST_RX_CLAIMS (CLAIM_ID,CLAIM_DATE,CLAIM_AMOUNT,MEMBER_ID) values (-349,to_date('06-DEC-19','DD-MON-RR'),123.3,-29);
Insert into ACCUMS.TEST_RX_CLAIMS (CLAIM_ID,CLAIM_DATE,CLAIM_AMOUNT,MEMBER_ID) values (-351,to_date('15-NOV-19','DD-MON-RR'),262.24,-71);
Insert into ACCUMS.TEST_RX_CLAIMS (CLAIM_ID,CLAIM_DATE,CLAIM_AMOUNT,MEMBER_ID) values (-353,to_date('16-NOV-19','DD-MON-RR'),385.98,-56);
Insert into ACCUMS.TEST_RX_CLAIMS (CLAIM_ID,CLAIM_DATE,CLAIM_AMOUNT,MEMBER_ID) values (-355,to_date('19-NOV-19','DD-MON-RR'),62.37,-48);
Insert into ACCUMS.TEST_RX_CLAIMS (CLAIM_ID,CLAIM_DATE,CLAIM_AMOUNT,MEMBER_ID) values (-357,to_date('03-JAN-20','DD-MON-RR'),307.88,-62);
Insert into ACCUMS.TEST_RX_CLAIMS (CLAIM_ID,CLAIM_DATE,CLAIM_AMOUNT,MEMBER_ID) values (-359,to_date('28-NOV-19','DD-MON-RR'),33.01,-73);
Insert into ACCUMS.TEST_RX_CLAIMS (CLAIM_ID,CLAIM_DATE,CLAIM_AMOUNT,MEMBER_ID) values (-361,to_date('18-OCT-19','DD-MON-RR'),159.75,-49);
Insert into ACCUMS.TEST_RX_CLAIMS (CLAIM_ID,CLAIM_DATE,CLAIM_AMOUNT,MEMBER_ID) values (-363,to_date('07-DEC-19','DD-MON-RR'),16.68,-18);
Insert into ACCUMS.TEST_RX_CLAIMS (CLAIM_ID,CLAIM_DATE,CLAIM_AMOUNT,MEMBER_ID) values (-365,to_date('24-DEC-19','DD-MON-RR'),186.31,-6);
Insert into ACCUMS.TEST_RX_CLAIMS (CLAIM_ID,CLAIM_DATE,CLAIM_AMOUNT,MEMBER_ID) values (-367,to_date('04-DEC-19','DD-MON-RR'),157.56,-7);
Insert into ACCUMS.TEST_RX_CLAIMS (CLAIM_ID,CLAIM_DATE,CLAIM_AMOUNT,MEMBER_ID) values (-369,to_date('14-OCT-19','DD-MON-RR'),388.97,-59);
Insert into ACCUMS.TEST_RX_CLAIMS (CLAIM_ID,CLAIM_DATE,CLAIM_AMOUNT,MEMBER_ID) values (-371,to_date('12-DEC-19','DD-MON-RR'),146.66,-30);
Insert into ACCUMS.TEST_RX_CLAIMS (CLAIM_ID,CLAIM_DATE,CLAIM_AMOUNT,MEMBER_ID) values (-373,to_date('12-NOV-19','DD-MON-RR'),335.44,-16);
Insert into ACCUMS.TEST_RX_CLAIMS (CLAIM_ID,CLAIM_DATE,CLAIM_AMOUNT,MEMBER_ID) values (-375,to_date('06-NOV-19','DD-MON-RR'),84.02,-19);
Insert into ACCUMS.TEST_RX_CLAIMS (CLAIM_ID,CLAIM_DATE,CLAIM_AMOUNT,MEMBER_ID) values (-377,to_date('21-OCT-19','DD-MON-RR'),312.3,-38);
Insert into ACCUMS.TEST_RX_CLAIMS (CLAIM_ID,CLAIM_DATE,CLAIM_AMOUNT,MEMBER_ID) values (-379,to_date('16-OCT-19','DD-MON-RR'),282.28,-30);
Insert into ACCUMS.TEST_RX_CLAIMS (CLAIM_ID,CLAIM_DATE,CLAIM_AMOUNT,MEMBER_ID) values (-381,to_date('02-DEC-19','DD-MON-RR'),240.73,-33);
Insert into ACCUMS.TEST_RX_CLAIMS (CLAIM_ID,CLAIM_DATE,CLAIM_AMOUNT,MEMBER_ID) values (-383,to_date('30-DEC-19','DD-MON-RR'),295.48,-25);
Insert into ACCUMS.TEST_RX_CLAIMS (CLAIM_ID,CLAIM_DATE,CLAIM_AMOUNT,MEMBER_ID) values (-385,to_date('30-NOV-19','DD-MON-RR'),1.46,-48);
Insert into ACCUMS.TEST_RX_CLAIMS (CLAIM_ID,CLAIM_DATE,CLAIM_AMOUNT,MEMBER_ID) values (-387,to_date('08-DEC-19','DD-MON-RR'),272.34,-60);
Insert into ACCUMS.TEST_RX_CLAIMS (CLAIM_ID,CLAIM_DATE,CLAIM_AMOUNT,MEMBER_ID) values (-389,to_date('09-DEC-19','DD-MON-RR'),51.73,-7);
Insert into ACCUMS.TEST_RX_CLAIMS (CLAIM_ID,CLAIM_DATE,CLAIM_AMOUNT,MEMBER_ID) values (-391,to_date('13-DEC-19','DD-MON-RR'),383.86,-36);
Insert into ACCUMS.TEST_RX_CLAIMS (CLAIM_ID,CLAIM_DATE,CLAIM_AMOUNT,MEMBER_ID) values (-393,to_date('05-JAN-20','DD-MON-RR'),296.01,-76);
Insert into ACCUMS.TEST_RX_CLAIMS (CLAIM_ID,CLAIM_DATE,CLAIM_AMOUNT,MEMBER_ID) values (-395,to_date('01-NOV-19','DD-MON-RR'),80.81,-63);
Insert into ACCUMS.TEST_RX_CLAIMS (CLAIM_ID,CLAIM_DATE,CLAIM_AMOUNT,MEMBER_ID) values (-397,to_date('15-DEC-19','DD-MON-RR'),68.8,-31);
Insert into ACCUMS.TEST_RX_CLAIMS (CLAIM_ID,CLAIM_DATE,CLAIM_AMOUNT,MEMBER_ID) values (-399,to_date('27-NOV-19','DD-MON-RR'),272.53,-59);
Insert into ACCUMS.TEST_RX_CLAIMS (CLAIM_ID,CLAIM_DATE,CLAIM_AMOUNT,MEMBER_ID) values (-401,to_date('08-DEC-19','DD-MON-RR'),147.71,-56);
Insert into ACCUMS.TEST_RX_CLAIMS (CLAIM_ID,CLAIM_DATE,CLAIM_AMOUNT,MEMBER_ID) values (-403,to_date('13-DEC-19','DD-MON-RR'),172.81,-60);
Insert into ACCUMS.TEST_RX_CLAIMS (CLAIM_ID,CLAIM_DATE,CLAIM_AMOUNT,MEMBER_ID) values (-405,to_date('03-JAN-20','DD-MON-RR'),1.9,-71);
Insert into ACCUMS.TEST_RX_CLAIMS (CLAIM_ID,CLAIM_DATE,CLAIM_AMOUNT,MEMBER_ID) values (-407,to_date('30-NOV-19','DD-MON-RR'),220.76,-24);
Insert into ACCUMS.TEST_RX_CLAIMS (CLAIM_ID,CLAIM_DATE,CLAIM_AMOUNT,MEMBER_ID) values (-409,to_date('17-DEC-19','DD-MON-RR'),280.11,-52);
Insert into ACCUMS.TEST_RX_CLAIMS (CLAIM_ID,CLAIM_DATE,CLAIM_AMOUNT,MEMBER_ID) values (-411,to_date('24-DEC-19','DD-MON-RR'),139.92,-9);
Insert into ACCUMS.TEST_RX_CLAIMS (CLAIM_ID,CLAIM_DATE,CLAIM_AMOUNT,MEMBER_ID) values (-413,to_date('26-NOV-19','DD-MON-RR'),381.73,-51);
Insert into ACCUMS.TEST_RX_CLAIMS (CLAIM_ID,CLAIM_DATE,CLAIM_AMOUNT,MEMBER_ID) values (-415,to_date('12-OCT-19','DD-MON-RR'),119.73,-15);
Insert into ACCUMS.TEST_RX_CLAIMS (CLAIM_ID,CLAIM_DATE,CLAIM_AMOUNT,MEMBER_ID) values (-417,to_date('30-OCT-19','DD-MON-RR'),328.74,-19);
Insert into ACCUMS.TEST_RX_CLAIMS (CLAIM_ID,CLAIM_DATE,CLAIM_AMOUNT,MEMBER_ID) values (-419,to_date('02-DEC-19','DD-MON-RR'),214.14,-6);
Insert into ACCUMS.TEST_RX_CLAIMS (CLAIM_ID,CLAIM_DATE,CLAIM_AMOUNT,MEMBER_ID) values (-421,to_date('10-NOV-19','DD-MON-RR'),169.85,-63);
Insert into ACCUMS.TEST_RX_CLAIMS (CLAIM_ID,CLAIM_DATE,CLAIM_AMOUNT,MEMBER_ID) values (-423,to_date('03-OCT-19','DD-MON-RR'),195.03,-77);
Insert into ACCUMS.TEST_RX_CLAIMS (CLAIM_ID,CLAIM_DATE,CLAIM_AMOUNT,MEMBER_ID) values (-425,to_date('19-DEC-19','DD-MON-RR'),114.5,-68);
Insert into ACCUMS.TEST_RX_CLAIMS (CLAIM_ID,CLAIM_DATE,CLAIM_AMOUNT,MEMBER_ID) values (-427,to_date('06-JAN-20','DD-MON-RR'),374.12,-42);
Insert into ACCUMS.TEST_RX_CLAIMS (CLAIM_ID,CLAIM_DATE,CLAIM_AMOUNT,MEMBER_ID) values (-429,to_date('15-OCT-19','DD-MON-RR'),213.39,-71);
Insert into ACCUMS.TEST_RX_CLAIMS (CLAIM_ID,CLAIM_DATE,CLAIM_AMOUNT,MEMBER_ID) values (-431,to_date('15-OCT-19','DD-MON-RR'),17.28,-31);
Insert into ACCUMS.TEST_RX_CLAIMS (CLAIM_ID,CLAIM_DATE,CLAIM_AMOUNT,MEMBER_ID) values (-433,to_date('13-DEC-19','DD-MON-RR'),348.6,-63);
Insert into ACCUMS.TEST_RX_CLAIMS (CLAIM_ID,CLAIM_DATE,CLAIM_AMOUNT,MEMBER_ID) values (-435,to_date('28-OCT-19','DD-MON-RR'),369.69,-9);
Insert into ACCUMS.TEST_RX_CLAIMS (CLAIM_ID,CLAIM_DATE,CLAIM_AMOUNT,MEMBER_ID) values (-437,to_date('02-NOV-19','DD-MON-RR'),160.41,-38);
Insert into ACCUMS.TEST_RX_CLAIMS (CLAIM_ID,CLAIM_DATE,CLAIM_AMOUNT,MEMBER_ID) values (-439,to_date('09-OCT-19','DD-MON-RR'),186.38,-76);
Insert into ACCUMS.TEST_RX_CLAIMS (CLAIM_ID,CLAIM_DATE,CLAIM_AMOUNT,MEMBER_ID) values (-441,to_date('09-DEC-19','DD-MON-RR'),337.99,-43);
Insert into ACCUMS.TEST_RX_CLAIMS (CLAIM_ID,CLAIM_DATE,CLAIM_AMOUNT,MEMBER_ID) values (-443,to_date('30-OCT-19','DD-MON-RR'),189.18,-13);
Insert into ACCUMS.TEST_RX_CLAIMS (CLAIM_ID,CLAIM_DATE,CLAIM_AMOUNT,MEMBER_ID) values (-445,to_date('17-DEC-19','DD-MON-RR'),301.16,-69);
Insert into ACCUMS.TEST_RX_CLAIMS (CLAIM_ID,CLAIM_DATE,CLAIM_AMOUNT,MEMBER_ID) values (-447,to_date('05-NOV-19','DD-MON-RR'),216.13,-75);
Insert into ACCUMS.TEST_RX_CLAIMS (CLAIM_ID,CLAIM_DATE,CLAIM_AMOUNT,MEMBER_ID) values (-449,to_date('11-DEC-19','DD-MON-RR'),316.84,-41);
Insert into ACCUMS.TEST_RX_CLAIMS (CLAIM_ID,CLAIM_DATE,CLAIM_AMOUNT,MEMBER_ID) values (-451,to_date('03-OCT-19','DD-MON-RR'),228.94,-58);
Insert into ACCUMS.TEST_RX_CLAIMS (CLAIM_ID,CLAIM_DATE,CLAIM_AMOUNT,MEMBER_ID) values (-453,to_date('26-DEC-19','DD-MON-RR'),176.8,-32);
Insert into ACCUMS.TEST_RX_CLAIMS (CLAIM_ID,CLAIM_DATE,CLAIM_AMOUNT,MEMBER_ID) values (-455,to_date('25-DEC-19','DD-MON-RR'),361.59,-13);
Insert into ACCUMS.TEST_RX_CLAIMS (CLAIM_ID,CLAIM_DATE,CLAIM_AMOUNT,MEMBER_ID) values (-457,to_date('22-OCT-19','DD-MON-RR'),231.32,-1);
Insert into ACCUMS.TEST_RX_CLAIMS (CLAIM_ID,CLAIM_DATE,CLAIM_AMOUNT,MEMBER_ID) values (-459,to_date('04-DEC-19','DD-MON-RR'),239.27,-51);
Insert into ACCUMS.TEST_RX_CLAIMS (CLAIM_ID,CLAIM_DATE,CLAIM_AMOUNT,MEMBER_ID) values (-461,to_date('20-OCT-19','DD-MON-RR'),276.96,-4);
Insert into ACCUMS.TEST_RX_CLAIMS (CLAIM_ID,CLAIM_DATE,CLAIM_AMOUNT,MEMBER_ID) values (-463,to_date('20-DEC-19','DD-MON-RR'),145.69,-16);
Insert into ACCUMS.TEST_RX_CLAIMS (CLAIM_ID,CLAIM_DATE,CLAIM_AMOUNT,MEMBER_ID) values (-465,to_date('23-OCT-19','DD-MON-RR'),318.74,-36);
Insert into ACCUMS.TEST_RX_CLAIMS (CLAIM_ID,CLAIM_DATE,CLAIM_AMOUNT,MEMBER_ID) values (-467,to_date('05-DEC-19','DD-MON-RR'),30.62,-30);
Insert into ACCUMS.TEST_RX_CLAIMS (CLAIM_ID,CLAIM_DATE,CLAIM_AMOUNT,MEMBER_ID) values (-469,to_date('22-DEC-19','DD-MON-RR'),138.1,-14);
Insert into ACCUMS.TEST_RX_CLAIMS (CLAIM_ID,CLAIM_DATE,CLAIM_AMOUNT,MEMBER_ID) values (-471,to_date('01-NOV-19','DD-MON-RR'),381.78,-11);
Insert into ACCUMS.TEST_RX_CLAIMS (CLAIM_ID,CLAIM_DATE,CLAIM_AMOUNT,MEMBER_ID) values (-473,to_date('24-DEC-19','DD-MON-RR'),135.63,-22);
Insert into ACCUMS.TEST_RX_CLAIMS (CLAIM_ID,CLAIM_DATE,CLAIM_AMOUNT,MEMBER_ID) values (-475,to_date('19-OCT-19','DD-MON-RR'),226.58,-31);
Insert into ACCUMS.TEST_RX_CLAIMS (CLAIM_ID,CLAIM_DATE,CLAIM_AMOUNT,MEMBER_ID) values (-477,to_date('25-OCT-19','DD-MON-RR'),285.36,-54);
Insert into ACCUMS.TEST_RX_CLAIMS (CLAIM_ID,CLAIM_DATE,CLAIM_AMOUNT,MEMBER_ID) values (-479,to_date('01-JAN-20','DD-MON-RR'),396.86,-4);
Insert into ACCUMS.TEST_RX_CLAIMS (CLAIM_ID,CLAIM_DATE,CLAIM_AMOUNT,MEMBER_ID) values (-481,to_date('21-DEC-19','DD-MON-RR'),351.5,-26);
Insert into ACCUMS.TEST_RX_CLAIMS (CLAIM_ID,CLAIM_DATE,CLAIM_AMOUNT,MEMBER_ID) values (-483,to_date('08-DEC-19','DD-MON-RR'),372.4,-12);
Insert into ACCUMS.TEST_RX_CLAIMS (CLAIM_ID,CLAIM_DATE,CLAIM_AMOUNT,MEMBER_ID) values (-485,to_date('31-DEC-19','DD-MON-RR'),70.32,-52);
Insert into ACCUMS.TEST_RX_CLAIMS (CLAIM_ID,CLAIM_DATE,CLAIM_AMOUNT,MEMBER_ID) values (-487,to_date('24-OCT-19','DD-MON-RR'),374.91,-5);
Insert into ACCUMS.TEST_RX_CLAIMS (CLAIM_ID,CLAIM_DATE,CLAIM_AMOUNT,MEMBER_ID) values (-489,to_date('07-JAN-20','DD-MON-RR'),304.43,-76);
Insert into ACCUMS.TEST_RX_CLAIMS (CLAIM_ID,CLAIM_DATE,CLAIM_AMOUNT,MEMBER_ID) values (-491,to_date('07-OCT-19','DD-MON-RR'),137.45,-18);
Insert into ACCUMS.TEST_RX_CLAIMS (CLAIM_ID,CLAIM_DATE,CLAIM_AMOUNT,MEMBER_ID) values (-493,to_date('27-DEC-19','DD-MON-RR'),57.33,-40);
Insert into ACCUMS.TEST_RX_CLAIMS (CLAIM_ID,CLAIM_DATE,CLAIM_AMOUNT,MEMBER_ID) values (-495,to_date('06-OCT-19','DD-MON-RR'),336.98,-71);
Insert into ACCUMS.TEST_RX_CLAIMS (CLAIM_ID,CLAIM_DATE,CLAIM_AMOUNT,MEMBER_ID) values (-497,to_date('01-JAN-20','DD-MON-RR'),340.24,-74);
Insert into ACCUMS.TEST_RX_CLAIMS (CLAIM_ID,CLAIM_DATE,CLAIM_AMOUNT,MEMBER_ID) values (-499,to_date('22-DEC-19','DD-MON-RR'),83.07,-51);
Insert into ACCUMS.TEST_RX_CLAIMS (CLAIM_ID,CLAIM_DATE,CLAIM_AMOUNT,MEMBER_ID) values (-501,to_date('02-DEC-19','DD-MON-RR'),104.64,-23);
Insert into ACCUMS.TEST_RX_CLAIMS (CLAIM_ID,CLAIM_DATE,CLAIM_AMOUNT,MEMBER_ID) values (-503,to_date('16-NOV-19','DD-MON-RR'),82.75,-26);
Insert into ACCUMS.TEST_RX_CLAIMS (CLAIM_ID,CLAIM_DATE,CLAIM_AMOUNT,MEMBER_ID) values (-505,to_date('11-NOV-19','DD-MON-RR'),293.39,-63);
Insert into ACCUMS.TEST_RX_CLAIMS (CLAIM_ID,CLAIM_DATE,CLAIM_AMOUNT,MEMBER_ID) values (-507,to_date('01-DEC-19','DD-MON-RR'),38.6,-49);
Insert into ACCUMS.TEST_RX_CLAIMS (CLAIM_ID,CLAIM_DATE,CLAIM_AMOUNT,MEMBER_ID) values (-509,to_date('08-OCT-19','DD-MON-RR'),46.27,-44);
Insert into ACCUMS.TEST_RX_CLAIMS (CLAIM_ID,CLAIM_DATE,CLAIM_AMOUNT,MEMBER_ID) values (-511,to_date('08-NOV-19','DD-MON-RR'),201.21,-33);
Insert into ACCUMS.TEST_RX_CLAIMS (CLAIM_ID,CLAIM_DATE,CLAIM_AMOUNT,MEMBER_ID) values (-513,to_date('20-NOV-19','DD-MON-RR'),199.28,-5);
Insert into ACCUMS.TEST_RX_CLAIMS (CLAIM_ID,CLAIM_DATE,CLAIM_AMOUNT,MEMBER_ID) values (-515,to_date('09-NOV-19','DD-MON-RR'),267.71,-47);
Insert into ACCUMS.TEST_RX_CLAIMS (CLAIM_ID,CLAIM_DATE,CLAIM_AMOUNT,MEMBER_ID) values (-517,to_date('02-NOV-19','DD-MON-RR'),222.24,-25);
Insert into ACCUMS.TEST_RX_CLAIMS (CLAIM_ID,CLAIM_DATE,CLAIM_AMOUNT,MEMBER_ID) values (-519,to_date('04-JAN-20','DD-MON-RR'),126.24,-30);
Insert into ACCUMS.TEST_RX_CLAIMS (CLAIM_ID,CLAIM_DATE,CLAIM_AMOUNT,MEMBER_ID) values (-521,to_date('14-DEC-19','DD-MON-RR'),65.11,-57);
Insert into ACCUMS.TEST_RX_CLAIMS (CLAIM_ID,CLAIM_DATE,CLAIM_AMOUNT,MEMBER_ID) values (-523,to_date('14-NOV-19','DD-MON-RR'),35.99,-19);
Insert into ACCUMS.TEST_RX_CLAIMS (CLAIM_ID,CLAIM_DATE,CLAIM_AMOUNT,MEMBER_ID) values (-525,to_date('29-DEC-19','DD-MON-RR'),396.89,-61);
Insert into ACCUMS.TEST_RX_CLAIMS (CLAIM_ID,CLAIM_DATE,CLAIM_AMOUNT,MEMBER_ID) values (-527,to_date('11-OCT-19','DD-MON-RR'),248.78,-54);
Insert into ACCUMS.TEST_RX_CLAIMS (CLAIM_ID,CLAIM_DATE,CLAIM_AMOUNT,MEMBER_ID) values (-529,to_date('10-OCT-19','DD-MON-RR'),266.31,-65);
Insert into ACCUMS.TEST_RX_CLAIMS (CLAIM_ID,CLAIM_DATE,CLAIM_AMOUNT,MEMBER_ID) values (-531,to_date('11-NOV-19','DD-MON-RR'),303.34,-53);
Insert into ACCUMS.TEST_RX_CLAIMS (CLAIM_ID,CLAIM_DATE,CLAIM_AMOUNT,MEMBER_ID) values (-533,to_date('29-DEC-19','DD-MON-RR'),68.82,-61);
Insert into ACCUMS.TEST_RX_CLAIMS (CLAIM_ID,CLAIM_DATE,CLAIM_AMOUNT,MEMBER_ID) values (-535,to_date('21-OCT-19','DD-MON-RR'),314.59,-44);
Insert into ACCUMS.TEST_RX_CLAIMS (CLAIM_ID,CLAIM_DATE,CLAIM_AMOUNT,MEMBER_ID) values (-537,to_date('04-JAN-20','DD-MON-RR'),379.23,-75);
Insert into ACCUMS.TEST_RX_CLAIMS (CLAIM_ID,CLAIM_DATE,CLAIM_AMOUNT,MEMBER_ID) values (-539,to_date('27-DEC-19','DD-MON-RR'),70.58,-66);
Insert into ACCUMS.TEST_RX_CLAIMS (CLAIM_ID,CLAIM_DATE,CLAIM_AMOUNT,MEMBER_ID) values (-541,to_date('23-DEC-19','DD-MON-RR'),60.27,-68);
Insert into ACCUMS.TEST_RX_CLAIMS (CLAIM_ID,CLAIM_DATE,CLAIM_AMOUNT,MEMBER_ID) values (-543,to_date('06-OCT-19','DD-MON-RR'),82.89,-14);
Insert into ACCUMS.TEST_RX_CLAIMS (CLAIM_ID,CLAIM_DATE,CLAIM_AMOUNT,MEMBER_ID) values (-545,to_date('23-NOV-19','DD-MON-RR'),281.49,-33);
Insert into ACCUMS.TEST_RX_CLAIMS (CLAIM_ID,CLAIM_DATE,CLAIM_AMOUNT,MEMBER_ID) values (-547,to_date('30-OCT-19','DD-MON-RR'),383.59,-49);
Insert into ACCUMS.TEST_RX_CLAIMS (CLAIM_ID,CLAIM_DATE,CLAIM_AMOUNT,MEMBER_ID) values (-549,to_date('03-DEC-19','DD-MON-RR'),285.63,-75);
Insert into ACCUMS.TEST_RX_CLAIMS (CLAIM_ID,CLAIM_DATE,CLAIM_AMOUNT,MEMBER_ID) values (-551,to_date('17-OCT-19','DD-MON-RR'),109.48,-26);
Insert into ACCUMS.TEST_RX_CLAIMS (CLAIM_ID,CLAIM_DATE,CLAIM_AMOUNT,MEMBER_ID) values (-553,to_date('16-DEC-19','DD-MON-RR'),299.83,-79);
Insert into ACCUMS.TEST_RX_CLAIMS (CLAIM_ID,CLAIM_DATE,CLAIM_AMOUNT,MEMBER_ID) values (-555,to_date('17-OCT-19','DD-MON-RR'),207.08,-52);
Insert into ACCUMS.TEST_RX_CLAIMS (CLAIM_ID,CLAIM_DATE,CLAIM_AMOUNT,MEMBER_ID) values (-557,to_date('16-OCT-19','DD-MON-RR'),333.94,-12);
Insert into ACCUMS.TEST_RX_CLAIMS (CLAIM_ID,CLAIM_DATE,CLAIM_AMOUNT,MEMBER_ID) values (-559,to_date('26-OCT-19','DD-MON-RR'),215.75,-69);
Insert into ACCUMS.TEST_RX_CLAIMS (CLAIM_ID,CLAIM_DATE,CLAIM_AMOUNT,MEMBER_ID) values (-561,to_date('23-NOV-19','DD-MON-RR'),318.27,-39);
Insert into ACCUMS.TEST_RX_CLAIMS (CLAIM_ID,CLAIM_DATE,CLAIM_AMOUNT,MEMBER_ID) values (-563,to_date('16-DEC-19','DD-MON-RR'),284.72,-37);
Insert into ACCUMS.TEST_RX_CLAIMS (CLAIM_ID,CLAIM_DATE,CLAIM_AMOUNT,MEMBER_ID) values (-565,to_date('02-OCT-19','DD-MON-RR'),220.84,-39);
Insert into ACCUMS.TEST_RX_CLAIMS (CLAIM_ID,CLAIM_DATE,CLAIM_AMOUNT,MEMBER_ID) values (-699,to_date('19-NOV-19','DD-MON-RR'),265.49,-70);
Insert into ACCUMS.TEST_RX_CLAIMS (CLAIM_ID,CLAIM_DATE,CLAIM_AMOUNT,MEMBER_ID) values (-701,to_date('13-OCT-19','DD-MON-RR'),299.37,-75);
Insert into ACCUMS.TEST_RX_CLAIMS (CLAIM_ID,CLAIM_DATE,CLAIM_AMOUNT,MEMBER_ID) values (-703,to_date('02-OCT-19','DD-MON-RR'),327.1,-55);
Insert into ACCUMS.TEST_RX_CLAIMS (CLAIM_ID,CLAIM_DATE,CLAIM_AMOUNT,MEMBER_ID) values (-705,to_date('14-OCT-19','DD-MON-RR'),50.62,-7);
Insert into ACCUMS.TEST_RX_CLAIMS (CLAIM_ID,CLAIM_DATE,CLAIM_AMOUNT,MEMBER_ID) values (-707,to_date('08-OCT-19','DD-MON-RR'),119.88,-56);
Insert into ACCUMS.TEST_RX_CLAIMS (CLAIM_ID,CLAIM_DATE,CLAIM_AMOUNT,MEMBER_ID) values (-709,to_date('24-NOV-19','DD-MON-RR'),224.15,-13);
Insert into ACCUMS.TEST_RX_CLAIMS (CLAIM_ID,CLAIM_DATE,CLAIM_AMOUNT,MEMBER_ID) values (-711,to_date('05-NOV-19','DD-MON-RR'),107.49,-60);
Insert into ACCUMS.TEST_RX_CLAIMS (CLAIM_ID,CLAIM_DATE,CLAIM_AMOUNT,MEMBER_ID) values (-713,to_date('29-NOV-19','DD-MON-RR'),290.51,-16);
Insert into ACCUMS.TEST_RX_CLAIMS (CLAIM_ID,CLAIM_DATE,CLAIM_AMOUNT,MEMBER_ID) values (-715,to_date('11-OCT-19','DD-MON-RR'),306.41,-28);
Insert into ACCUMS.TEST_RX_CLAIMS (CLAIM_ID,CLAIM_DATE,CLAIM_AMOUNT,MEMBER_ID) values (-717,to_date('04-DEC-19','DD-MON-RR'),178.07,-77);
Insert into ACCUMS.TEST_RX_CLAIMS (CLAIM_ID,CLAIM_DATE,CLAIM_AMOUNT,MEMBER_ID) values (-719,to_date('01-JAN-20','DD-MON-RR'),133.79,-25);
Insert into ACCUMS.TEST_RX_CLAIMS (CLAIM_ID,CLAIM_DATE,CLAIM_AMOUNT,MEMBER_ID) values (-721,to_date('21-OCT-19','DD-MON-RR'),258.17,-8);
Insert into ACCUMS.TEST_RX_CLAIMS (CLAIM_ID,CLAIM_DATE,CLAIM_AMOUNT,MEMBER_ID) values (-723,to_date('08-DEC-19','DD-MON-RR'),111.44,-68);
Insert into ACCUMS.TEST_RX_CLAIMS (CLAIM_ID,CLAIM_DATE,CLAIM_AMOUNT,MEMBER_ID) values (-725,to_date('27-DEC-19','DD-MON-RR'),333.63,-6);
Insert into ACCUMS.TEST_RX_CLAIMS (CLAIM_ID,CLAIM_DATE,CLAIM_AMOUNT,MEMBER_ID) values (-727,to_date('22-DEC-19','DD-MON-RR'),323.16,-1);
Insert into ACCUMS.TEST_RX_CLAIMS (CLAIM_ID,CLAIM_DATE,CLAIM_AMOUNT,MEMBER_ID) values (-729,to_date('31-OCT-19','DD-MON-RR'),288.27,-48);
Insert into ACCUMS.TEST_RX_CLAIMS (CLAIM_ID,CLAIM_DATE,CLAIM_AMOUNT,MEMBER_ID) values (-731,to_date('10-OCT-19','DD-MON-RR'),85.31,-30);
Insert into ACCUMS.TEST_RX_CLAIMS (CLAIM_ID,CLAIM_DATE,CLAIM_AMOUNT,MEMBER_ID) values (-733,to_date('30-DEC-19','DD-MON-RR'),88.52,-4);
Insert into ACCUMS.TEST_RX_CLAIMS (CLAIM_ID,CLAIM_DATE,CLAIM_AMOUNT,MEMBER_ID) values (-735,to_date('10-NOV-19','DD-MON-RR'),191.12,-23);
Insert into ACCUMS.TEST_RX_CLAIMS (CLAIM_ID,CLAIM_DATE,CLAIM_AMOUNT,MEMBER_ID) values (-737,to_date('31-DEC-19','DD-MON-RR'),97.36,-12);
Insert into ACCUMS.TEST_RX_CLAIMS (CLAIM_ID,CLAIM_DATE,CLAIM_AMOUNT,MEMBER_ID) values (-739,to_date('22-DEC-19','DD-MON-RR'),202.16,-30);
Insert into ACCUMS.TEST_RX_CLAIMS (CLAIM_ID,CLAIM_DATE,CLAIM_AMOUNT,MEMBER_ID) values (-741,to_date('24-OCT-19','DD-MON-RR'),91.43,-40);
Insert into ACCUMS.TEST_RX_CLAIMS (CLAIM_ID,CLAIM_DATE,CLAIM_AMOUNT,MEMBER_ID) values (-743,to_date('22-NOV-19','DD-MON-RR'),88.56,-5);
Insert into ACCUMS.TEST_RX_CLAIMS (CLAIM_ID,CLAIM_DATE,CLAIM_AMOUNT,MEMBER_ID) values (-745,to_date('09-DEC-19','DD-MON-RR'),308.8,-23);
Insert into ACCUMS.TEST_RX_CLAIMS (CLAIM_ID,CLAIM_DATE,CLAIM_AMOUNT,MEMBER_ID) values (-747,to_date('21-OCT-19','DD-MON-RR'),312.01,-77);
Insert into ACCUMS.TEST_RX_CLAIMS (CLAIM_ID,CLAIM_DATE,CLAIM_AMOUNT,MEMBER_ID) values (-749,to_date('07-OCT-19','DD-MON-RR'),32.77,-58);
Insert into ACCUMS.TEST_RX_CLAIMS (CLAIM_ID,CLAIM_DATE,CLAIM_AMOUNT,MEMBER_ID) values (-751,to_date('12-NOV-19','DD-MON-RR'),345.3,-36);
Insert into ACCUMS.TEST_RX_CLAIMS (CLAIM_ID,CLAIM_DATE,CLAIM_AMOUNT,MEMBER_ID) values (-753,to_date('12-NOV-19','DD-MON-RR'),32.29,-56);
Insert into ACCUMS.TEST_RX_CLAIMS (CLAIM_ID,CLAIM_DATE,CLAIM_AMOUNT,MEMBER_ID) values (-755,to_date('24-DEC-19','DD-MON-RR'),154.04,-2);
Insert into ACCUMS.TEST_RX_CLAIMS (CLAIM_ID,CLAIM_DATE,CLAIM_AMOUNT,MEMBER_ID) values (-757,to_date('13-DEC-19','DD-MON-RR'),387.84,-23);
Insert into ACCUMS.TEST_RX_CLAIMS (CLAIM_ID,CLAIM_DATE,CLAIM_AMOUNT,MEMBER_ID) values (-759,to_date('06-JAN-20','DD-MON-RR'),284.89,-25);
Insert into ACCUMS.TEST_RX_CLAIMS (CLAIM_ID,CLAIM_DATE,CLAIM_AMOUNT,MEMBER_ID) values (-761,to_date('29-OCT-19','DD-MON-RR'),25.16,-8);
Insert into ACCUMS.TEST_RX_CLAIMS (CLAIM_ID,CLAIM_DATE,CLAIM_AMOUNT,MEMBER_ID) values (-763,to_date('26-DEC-19','DD-MON-RR'),352.74,-68);
Insert into ACCUMS.TEST_RX_CLAIMS (CLAIM_ID,CLAIM_DATE,CLAIM_AMOUNT,MEMBER_ID) values (-765,to_date('12-NOV-19','DD-MON-RR'),382.92,-14);
Insert into ACCUMS.TEST_RX_CLAIMS (CLAIM_ID,CLAIM_DATE,CLAIM_AMOUNT,MEMBER_ID) values (-767,to_date('04-NOV-19','DD-MON-RR'),82.95,-5);
Insert into ACCUMS.TEST_RX_CLAIMS (CLAIM_ID,CLAIM_DATE,CLAIM_AMOUNT,MEMBER_ID) values (-769,to_date('14-OCT-19','DD-MON-RR'),244.57,-46);
Insert into ACCUMS.TEST_RX_CLAIMS (CLAIM_ID,CLAIM_DATE,CLAIM_AMOUNT,MEMBER_ID) values (-771,to_date('04-OCT-19','DD-MON-RR'),121.23,-12);
Insert into ACCUMS.TEST_RX_CLAIMS (CLAIM_ID,CLAIM_DATE,CLAIM_AMOUNT,MEMBER_ID) values (-773,to_date('25-NOV-19','DD-MON-RR'),117.12,-22);
Insert into ACCUMS.TEST_RX_CLAIMS (CLAIM_ID,CLAIM_DATE,CLAIM_AMOUNT,MEMBER_ID) values (-775,to_date('08-NOV-19','DD-MON-RR'),335.31,-74);
Insert into ACCUMS.TEST_RX_CLAIMS (CLAIM_ID,CLAIM_DATE,CLAIM_AMOUNT,MEMBER_ID) values (-777,to_date('20-OCT-19','DD-MON-RR'),274.03,-73);
Insert into ACCUMS.TEST_RX_CLAIMS (CLAIM_ID,CLAIM_DATE,CLAIM_AMOUNT,MEMBER_ID) values (-779,to_date('14-OCT-19','DD-MON-RR'),239.09,-54);
Insert into ACCUMS.TEST_RX_CLAIMS (CLAIM_ID,CLAIM_DATE,CLAIM_AMOUNT,MEMBER_ID) values (-781,to_date('02-OCT-19','DD-MON-RR'),42.92,-15);
Insert into ACCUMS.TEST_RX_CLAIMS (CLAIM_ID,CLAIM_DATE,CLAIM_AMOUNT,MEMBER_ID) values (-783,to_date('05-JAN-20','DD-MON-RR'),9.1,-21);
Insert into ACCUMS.TEST_RX_CLAIMS (CLAIM_ID,CLAIM_DATE,CLAIM_AMOUNT,MEMBER_ID) values (-785,to_date('24-DEC-19','DD-MON-RR'),111.08,-4);
Insert into ACCUMS.TEST_RX_CLAIMS (CLAIM_ID,CLAIM_DATE,CLAIM_AMOUNT,MEMBER_ID) values (-787,to_date('05-OCT-19','DD-MON-RR'),274.67,-24);
Insert into ACCUMS.TEST_RX_CLAIMS (CLAIM_ID,CLAIM_DATE,CLAIM_AMOUNT,MEMBER_ID) values (-789,to_date('02-DEC-19','DD-MON-RR'),337.65,-72);
Insert into ACCUMS.TEST_RX_CLAIMS (CLAIM_ID,CLAIM_DATE,CLAIM_AMOUNT,MEMBER_ID) values (-791,to_date('26-DEC-19','DD-MON-RR'),174.9,-32);
Insert into ACCUMS.TEST_RX_CLAIMS (CLAIM_ID,CLAIM_DATE,CLAIM_AMOUNT,MEMBER_ID) values (-793,to_date('06-NOV-19','DD-MON-RR'),262.78,-69);
Insert into ACCUMS.TEST_RX_CLAIMS (CLAIM_ID,CLAIM_DATE,CLAIM_AMOUNT,MEMBER_ID) values (-795,to_date('24-DEC-19','DD-MON-RR'),388.63,-77);
Insert into ACCUMS.TEST_RX_CLAIMS (CLAIM_ID,CLAIM_DATE,CLAIM_AMOUNT,MEMBER_ID) values (-797,to_date('02-DEC-19','DD-MON-RR'),335.11,-23);
Insert into ACCUMS.TEST_RX_CLAIMS (CLAIM_ID,CLAIM_DATE,CLAIM_AMOUNT,MEMBER_ID) values (-799,to_date('09-DEC-19','DD-MON-RR'),148.87,-76);
Insert into ACCUMS.TEST_RX_CLAIMS (CLAIM_ID,CLAIM_DATE,CLAIM_AMOUNT,MEMBER_ID) values (-801,to_date('18-NOV-19','DD-MON-RR'),69.34,-37);
Insert into ACCUMS.TEST_RX_CLAIMS (CLAIM_ID,CLAIM_DATE,CLAIM_AMOUNT,MEMBER_ID) values (-803,to_date('28-OCT-19','DD-MON-RR'),320.5,-75);
Insert into ACCUMS.TEST_RX_CLAIMS (CLAIM_ID,CLAIM_DATE,CLAIM_AMOUNT,MEMBER_ID) values (-805,to_date('20-NOV-19','DD-MON-RR'),49.95,-53);
Insert into ACCUMS.TEST_RX_CLAIMS (CLAIM_ID,CLAIM_DATE,CLAIM_AMOUNT,MEMBER_ID) values (-807,to_date('11-NOV-19','DD-MON-RR'),302.28,-55);
Insert into ACCUMS.TEST_RX_CLAIMS (CLAIM_ID,CLAIM_DATE,CLAIM_AMOUNT,MEMBER_ID) values (-809,to_date('26-NOV-19','DD-MON-RR'),177.31,-65);
Insert into ACCUMS.TEST_RX_CLAIMS (CLAIM_ID,CLAIM_DATE,CLAIM_AMOUNT,MEMBER_ID) values (-811,to_date('04-DEC-19','DD-MON-RR'),65.99,-66);
Insert into ACCUMS.TEST_RX_CLAIMS (CLAIM_ID,CLAIM_DATE,CLAIM_AMOUNT,MEMBER_ID) values (-813,to_date('19-OCT-19','DD-MON-RR'),354.63,-62);
Insert into ACCUMS.TEST_RX_CLAIMS (CLAIM_ID,CLAIM_DATE,CLAIM_AMOUNT,MEMBER_ID) values (-815,to_date('04-OCT-19','DD-MON-RR'),350.19,-77);
Insert into ACCUMS.TEST_RX_CLAIMS (CLAIM_ID,CLAIM_DATE,CLAIM_AMOUNT,MEMBER_ID) values (-817,to_date('21-OCT-19','DD-MON-RR'),356.59,-11);
Insert into ACCUMS.TEST_RX_CLAIMS (CLAIM_ID,CLAIM_DATE,CLAIM_AMOUNT,MEMBER_ID) values (-819,to_date('24-OCT-19','DD-MON-RR'),384.36,-49);
Insert into ACCUMS.TEST_RX_CLAIMS (CLAIM_ID,CLAIM_DATE,CLAIM_AMOUNT,MEMBER_ID) values (-821,to_date('06-DEC-19','DD-MON-RR'),35.09,-77);
Insert into ACCUMS.TEST_RX_CLAIMS (CLAIM_ID,CLAIM_DATE,CLAIM_AMOUNT,MEMBER_ID) values (-823,to_date('01-JAN-20','DD-MON-RR'),130.67,-2);
Insert into ACCUMS.TEST_RX_CLAIMS (CLAIM_ID,CLAIM_DATE,CLAIM_AMOUNT,MEMBER_ID) values (-825,to_date('09-OCT-19','DD-MON-RR'),221.99,-51);
Insert into ACCUMS.TEST_RX_CLAIMS (CLAIM_ID,CLAIM_DATE,CLAIM_AMOUNT,MEMBER_ID) values (-827,to_date('21-DEC-19','DD-MON-RR'),95.9,-27);
Insert into ACCUMS.TEST_RX_CLAIMS (CLAIM_ID,CLAIM_DATE,CLAIM_AMOUNT,MEMBER_ID) values (-829,to_date('17-DEC-19','DD-MON-RR'),53.39,-11);
Insert into ACCUMS.TEST_RX_CLAIMS (CLAIM_ID,CLAIM_DATE,CLAIM_AMOUNT,MEMBER_ID) values (-831,to_date('24-DEC-19','DD-MON-RR'),67,-78);
Insert into ACCUMS.TEST_RX_CLAIMS (CLAIM_ID,CLAIM_DATE,CLAIM_AMOUNT,MEMBER_ID) values (-833,to_date('25-NOV-19','DD-MON-RR'),17.18,-17);
Insert into ACCUMS.TEST_RX_CLAIMS (CLAIM_ID,CLAIM_DATE,CLAIM_AMOUNT,MEMBER_ID) values (-835,to_date('10-OCT-19','DD-MON-RR'),288.05,-36);
Insert into ACCUMS.TEST_RX_CLAIMS (CLAIM_ID,CLAIM_DATE,CLAIM_AMOUNT,MEMBER_ID) values (-837,to_date('13-NOV-19','DD-MON-RR'),383.44,-17);
Insert into ACCUMS.TEST_RX_CLAIMS (CLAIM_ID,CLAIM_DATE,CLAIM_AMOUNT,MEMBER_ID) values (-839,to_date('20-DEC-19','DD-MON-RR'),226.01,-18);
Insert into ACCUMS.TEST_RX_CLAIMS (CLAIM_ID,CLAIM_DATE,CLAIM_AMOUNT,MEMBER_ID) values (-841,to_date('23-OCT-19','DD-MON-RR'),91.87,-40);
Insert into ACCUMS.TEST_RX_CLAIMS (CLAIM_ID,CLAIM_DATE,CLAIM_AMOUNT,MEMBER_ID) values (-843,to_date('01-DEC-19','DD-MON-RR'),150.12,-48);
Insert into ACCUMS.TEST_RX_CLAIMS (CLAIM_ID,CLAIM_DATE,CLAIM_AMOUNT,MEMBER_ID) values (-845,to_date('03-DEC-19','DD-MON-RR'),38.8,-77);
Insert into ACCUMS.TEST_RX_CLAIMS (CLAIM_ID,CLAIM_DATE,CLAIM_AMOUNT,MEMBER_ID) values (-847,to_date('22-DEC-19','DD-MON-RR'),318.43,-8);
Insert into ACCUMS.TEST_RX_CLAIMS (CLAIM_ID,CLAIM_DATE,CLAIM_AMOUNT,MEMBER_ID) values (-849,to_date('24-OCT-19','DD-MON-RR'),141.43,-59);
Insert into ACCUMS.TEST_RX_CLAIMS (CLAIM_ID,CLAIM_DATE,CLAIM_AMOUNT,MEMBER_ID) values (-851,to_date('14-OCT-19','DD-MON-RR'),93.24,-22);
Insert into ACCUMS.TEST_RX_CLAIMS (CLAIM_ID,CLAIM_DATE,CLAIM_AMOUNT,MEMBER_ID) values (-853,to_date('23-DEC-19','DD-MON-RR'),121.72,-8);
Insert into ACCUMS.TEST_RX_CLAIMS (CLAIM_ID,CLAIM_DATE,CLAIM_AMOUNT,MEMBER_ID) values (-855,to_date('14-OCT-19','DD-MON-RR'),373.95,-5);
Insert into ACCUMS.TEST_RX_CLAIMS (CLAIM_ID,CLAIM_DATE,CLAIM_AMOUNT,MEMBER_ID) values (-857,to_date('19-DEC-19','DD-MON-RR'),148.1,-29);
Insert into ACCUMS.TEST_RX_CLAIMS (CLAIM_ID,CLAIM_DATE,CLAIM_AMOUNT,MEMBER_ID) values (-859,to_date('14-NOV-19','DD-MON-RR'),221.04,-47);
Insert into ACCUMS.TEST_RX_CLAIMS (CLAIM_ID,CLAIM_DATE,CLAIM_AMOUNT,MEMBER_ID) values (-861,to_date('05-NOV-19','DD-MON-RR'),104.78,-49);
Insert into ACCUMS.TEST_RX_CLAIMS (CLAIM_ID,CLAIM_DATE,CLAIM_AMOUNT,MEMBER_ID) values (-863,to_date('06-JAN-20','DD-MON-RR'),212.52,-32);
Insert into ACCUMS.TEST_RX_CLAIMS (CLAIM_ID,CLAIM_DATE,CLAIM_AMOUNT,MEMBER_ID) values (-865,to_date('27-DEC-19','DD-MON-RR'),19.14,-59);
Insert into ACCUMS.TEST_RX_CLAIMS (CLAIM_ID,CLAIM_DATE,CLAIM_AMOUNT,MEMBER_ID) values (-867,to_date('05-NOV-19','DD-MON-RR'),393.15,-58);
Insert into ACCUMS.TEST_RX_CLAIMS (CLAIM_ID,CLAIM_DATE,CLAIM_AMOUNT,MEMBER_ID) values (-869,to_date('26-NOV-19','DD-MON-RR'),174.18,-63);
Insert into ACCUMS.TEST_RX_CLAIMS (CLAIM_ID,CLAIM_DATE,CLAIM_AMOUNT,MEMBER_ID) values (-871,to_date('18-NOV-19','DD-MON-RR'),326.57,-45);
Insert into ACCUMS.TEST_RX_CLAIMS (CLAIM_ID,CLAIM_DATE,CLAIM_AMOUNT,MEMBER_ID) values (-873,to_date('26-NOV-19','DD-MON-RR'),359.27,-38);
Insert into ACCUMS.TEST_RX_CLAIMS (CLAIM_ID,CLAIM_DATE,CLAIM_AMOUNT,MEMBER_ID) values (-875,to_date('24-DEC-19','DD-MON-RR'),135.65,-34);
Insert into ACCUMS.TEST_RX_CLAIMS (CLAIM_ID,CLAIM_DATE,CLAIM_AMOUNT,MEMBER_ID) values (-877,to_date('31-OCT-19','DD-MON-RR'),88.11,-43);
Insert into ACCUMS.TEST_RX_CLAIMS (CLAIM_ID,CLAIM_DATE,CLAIM_AMOUNT,MEMBER_ID) values (-879,to_date('17-DEC-19','DD-MON-RR'),35.99,-56);
Insert into ACCUMS.TEST_RX_CLAIMS (CLAIM_ID,CLAIM_DATE,CLAIM_AMOUNT,MEMBER_ID) values (-881,to_date('02-NOV-19','DD-MON-RR'),220.1,-28);
Insert into ACCUMS.TEST_RX_CLAIMS (CLAIM_ID,CLAIM_DATE,CLAIM_AMOUNT,MEMBER_ID) values (-883,to_date('02-DEC-19','DD-MON-RR'),227.9,-76);
Insert into ACCUMS.TEST_RX_CLAIMS (CLAIM_ID,CLAIM_DATE,CLAIM_AMOUNT,MEMBER_ID) values (-885,to_date('05-NOV-19','DD-MON-RR'),324.66,-26);
Insert into ACCUMS.TEST_RX_CLAIMS (CLAIM_ID,CLAIM_DATE,CLAIM_AMOUNT,MEMBER_ID) values (-887,to_date('27-DEC-19','DD-MON-RR'),55.13,-53);
Insert into ACCUMS.TEST_RX_CLAIMS (CLAIM_ID,CLAIM_DATE,CLAIM_AMOUNT,MEMBER_ID) values (-889,to_date('23-OCT-19','DD-MON-RR'),298.37,-72);
Insert into ACCUMS.TEST_RX_CLAIMS (CLAIM_ID,CLAIM_DATE,CLAIM_AMOUNT,MEMBER_ID) values (-891,to_date('16-NOV-19','DD-MON-RR'),48.95,-36);
Insert into ACCUMS.TEST_RX_CLAIMS (CLAIM_ID,CLAIM_DATE,CLAIM_AMOUNT,MEMBER_ID) values (-893,to_date('13-DEC-19','DD-MON-RR'),215.9,-73);
Insert into ACCUMS.TEST_RX_CLAIMS (CLAIM_ID,CLAIM_DATE,CLAIM_AMOUNT,MEMBER_ID) values (-895,to_date('13-NOV-19','DD-MON-RR'),141.02,-3);
Insert into ACCUMS.TEST_RX_CLAIMS (CLAIM_ID,CLAIM_DATE,CLAIM_AMOUNT,MEMBER_ID) values (-897,to_date('09-NOV-19','DD-MON-RR'),137.59,-19);
Insert into ACCUMS.TEST_RX_CLAIMS (CLAIM_ID,CLAIM_DATE,CLAIM_AMOUNT,MEMBER_ID) values (-899,to_date('05-NOV-19','DD-MON-RR'),185.28,-24);
Insert into ACCUMS.TEST_RX_CLAIMS (CLAIM_ID,CLAIM_DATE,CLAIM_AMOUNT,MEMBER_ID) values (-901,to_date('06-DEC-19','DD-MON-RR'),368.14,-55);
Insert into ACCUMS.TEST_RX_CLAIMS (CLAIM_ID,CLAIM_DATE,CLAIM_AMOUNT,MEMBER_ID) values (-903,to_date('06-NOV-19','DD-MON-RR'),366.08,-29);
Insert into ACCUMS.TEST_RX_CLAIMS (CLAIM_ID,CLAIM_DATE,CLAIM_AMOUNT,MEMBER_ID) values (-905,to_date('03-OCT-19','DD-MON-RR'),277.67,-39);
Insert into ACCUMS.TEST_RX_CLAIMS (CLAIM_ID,CLAIM_DATE,CLAIM_AMOUNT,MEMBER_ID) values (-907,to_date('30-OCT-19','DD-MON-RR'),157.27,-8);
Insert into ACCUMS.TEST_RX_CLAIMS (CLAIM_ID,CLAIM_DATE,CLAIM_AMOUNT,MEMBER_ID) values (-909,to_date('23-NOV-19','DD-MON-RR'),76.3,-47);
Insert into ACCUMS.TEST_RX_CLAIMS (CLAIM_ID,CLAIM_DATE,CLAIM_AMOUNT,MEMBER_ID) values (-911,to_date('22-OCT-19','DD-MON-RR'),238.2,-37);
Insert into ACCUMS.TEST_RX_CLAIMS (CLAIM_ID,CLAIM_DATE,CLAIM_AMOUNT,MEMBER_ID) values (-913,to_date('04-JAN-20','DD-MON-RR'),85.68,-22);
Insert into ACCUMS.TEST_RX_CLAIMS (CLAIM_ID,CLAIM_DATE,CLAIM_AMOUNT,MEMBER_ID) values (-915,to_date('06-OCT-19','DD-MON-RR'),238.9,-4);
Insert into ACCUMS.TEST_RX_CLAIMS (CLAIM_ID,CLAIM_DATE,CLAIM_AMOUNT,MEMBER_ID) values (-917,to_date('26-NOV-19','DD-MON-RR'),143.16,-68);
Insert into ACCUMS.TEST_RX_CLAIMS (CLAIM_ID,CLAIM_DATE,CLAIM_AMOUNT,MEMBER_ID) values (-919,to_date('08-NOV-19','DD-MON-RR'),322.03,-10);
Insert into ACCUMS.TEST_RX_CLAIMS (CLAIM_ID,CLAIM_DATE,CLAIM_AMOUNT,MEMBER_ID) values (-921,to_date('07-NOV-19','DD-MON-RR'),172.09,-41);
Insert into ACCUMS.TEST_RX_CLAIMS (CLAIM_ID,CLAIM_DATE,CLAIM_AMOUNT,MEMBER_ID) values (-923,to_date('26-OCT-19','DD-MON-RR'),14.86,-73);
Insert into ACCUMS.TEST_RX_CLAIMS (CLAIM_ID,CLAIM_DATE,CLAIM_AMOUNT,MEMBER_ID) values (-925,to_date('19-NOV-19','DD-MON-RR'),263.11,-79);
Insert into ACCUMS.TEST_RX_CLAIMS (CLAIM_ID,CLAIM_DATE,CLAIM_AMOUNT,MEMBER_ID) values (-927,to_date('03-NOV-19','DD-MON-RR'),365.84,-44);
Insert into ACCUMS.TEST_RX_CLAIMS (CLAIM_ID,CLAIM_DATE,CLAIM_AMOUNT,MEMBER_ID) values (-929,to_date('25-NOV-19','DD-MON-RR'),166.02,-33);
Insert into ACCUMS.TEST_RX_CLAIMS (CLAIM_ID,CLAIM_DATE,CLAIM_AMOUNT,MEMBER_ID) values (-931,to_date('04-DEC-19','DD-MON-RR'),271.73,-52);
Insert into ACCUMS.TEST_RX_CLAIMS (CLAIM_ID,CLAIM_DATE,CLAIM_AMOUNT,MEMBER_ID) values (-933,to_date('23-DEC-19','DD-MON-RR'),282.43,-51);
Insert into ACCUMS.TEST_RX_CLAIMS (CLAIM_ID,CLAIM_DATE,CLAIM_AMOUNT,MEMBER_ID) values (-935,to_date('27-DEC-19','DD-MON-RR'),381.33,-2);
Insert into ACCUMS.TEST_RX_CLAIMS (CLAIM_ID,CLAIM_DATE,CLAIM_AMOUNT,MEMBER_ID) values (-937,to_date('25-NOV-19','DD-MON-RR'),116.97,-58);
Insert into ACCUMS.TEST_RX_CLAIMS (CLAIM_ID,CLAIM_DATE,CLAIM_AMOUNT,MEMBER_ID) values (-939,to_date('19-NOV-19','DD-MON-RR'),32.43,-68);
Insert into ACCUMS.TEST_RX_CLAIMS (CLAIM_ID,CLAIM_DATE,CLAIM_AMOUNT,MEMBER_ID) values (-941,to_date('27-DEC-19','DD-MON-RR'),45.79,-57);
Insert into ACCUMS.TEST_RX_CLAIMS (CLAIM_ID,CLAIM_DATE,CLAIM_AMOUNT,MEMBER_ID) values (-943,to_date('24-DEC-19','DD-MON-RR'),271.63,-30);
Insert into ACCUMS.TEST_RX_CLAIMS (CLAIM_ID,CLAIM_DATE,CLAIM_AMOUNT,MEMBER_ID) values (-945,to_date('29-OCT-19','DD-MON-RR'),318.19,-70);
Insert into ACCUMS.TEST_RX_CLAIMS (CLAIM_ID,CLAIM_DATE,CLAIM_AMOUNT,MEMBER_ID) values (-947,to_date('05-NOV-19','DD-MON-RR'),359.74,-57);
Insert into ACCUMS.TEST_RX_CLAIMS (CLAIM_ID,CLAIM_DATE,CLAIM_AMOUNT,MEMBER_ID) values (-949,to_date('26-DEC-19','DD-MON-RR'),344.85,-61);
Insert into ACCUMS.TEST_RX_CLAIMS (CLAIM_ID,CLAIM_DATE,CLAIM_AMOUNT,MEMBER_ID) values (-951,to_date('11-NOV-19','DD-MON-RR'),115.72,-66);
Insert into ACCUMS.TEST_RX_CLAIMS (CLAIM_ID,CLAIM_DATE,CLAIM_AMOUNT,MEMBER_ID) values (-953,to_date('06-DEC-19','DD-MON-RR'),114.26,-51);
Insert into ACCUMS.TEST_RX_CLAIMS (CLAIM_ID,CLAIM_DATE,CLAIM_AMOUNT,MEMBER_ID) values (-955,to_date('19-NOV-19','DD-MON-RR'),69.9,-8);
Insert into ACCUMS.TEST_RX_CLAIMS (CLAIM_ID,CLAIM_DATE,CLAIM_AMOUNT,MEMBER_ID) values (-957,to_date('13-OCT-19','DD-MON-RR'),62.87,-78);
Insert into ACCUMS.TEST_RX_CLAIMS (CLAIM_ID,CLAIM_DATE,CLAIM_AMOUNT,MEMBER_ID) values (-959,to_date('14-DEC-19','DD-MON-RR'),102.81,-78);
Insert into ACCUMS.TEST_RX_CLAIMS (CLAIM_ID,CLAIM_DATE,CLAIM_AMOUNT,MEMBER_ID) values (-961,to_date('20-OCT-19','DD-MON-RR'),298.25,-77);
Insert into ACCUMS.TEST_RX_CLAIMS (CLAIM_ID,CLAIM_DATE,CLAIM_AMOUNT,MEMBER_ID) values (-963,to_date('11-DEC-19','DD-MON-RR'),24.64,-7);
Insert into ACCUMS.TEST_RX_CLAIMS (CLAIM_ID,CLAIM_DATE,CLAIM_AMOUNT,MEMBER_ID) values (-965,to_date('20-DEC-19','DD-MON-RR'),66.42,-7);
Insert into ACCUMS.TEST_RX_CLAIMS (CLAIM_ID,CLAIM_DATE,CLAIM_AMOUNT,MEMBER_ID) values (-967,to_date('14-NOV-19','DD-MON-RR'),8.74,-2);
Insert into ACCUMS.TEST_RX_CLAIMS (CLAIM_ID,CLAIM_DATE,CLAIM_AMOUNT,MEMBER_ID) values (-969,to_date('23-DEC-19','DD-MON-RR'),339.93,-44);
Insert into ACCUMS.TEST_RX_CLAIMS (CLAIM_ID,CLAIM_DATE,CLAIM_AMOUNT,MEMBER_ID) values (-971,to_date('19-DEC-19','DD-MON-RR'),61.28,-3);
Insert into ACCUMS.TEST_RX_CLAIMS (CLAIM_ID,CLAIM_DATE,CLAIM_AMOUNT,MEMBER_ID) values (-973,to_date('27-DEC-19','DD-MON-RR'),321.27,-19);
Insert into ACCUMS.TEST_RX_CLAIMS (CLAIM_ID,CLAIM_DATE,CLAIM_AMOUNT,MEMBER_ID) values (-975,to_date('29-OCT-19','DD-MON-RR'),34.2,-26);
Insert into ACCUMS.TEST_RX_CLAIMS (CLAIM_ID,CLAIM_DATE,CLAIM_AMOUNT,MEMBER_ID) values (-977,to_date('05-JAN-20','DD-MON-RR'),326.3,-23);
Insert into ACCUMS.TEST_RX_CLAIMS (CLAIM_ID,CLAIM_DATE,CLAIM_AMOUNT,MEMBER_ID) values (-979,to_date('09-OCT-19','DD-MON-RR'),389.81,-48);
Insert into ACCUMS.TEST_RX_CLAIMS (CLAIM_ID,CLAIM_DATE,CLAIM_AMOUNT,MEMBER_ID) values (-981,to_date('01-JAN-20','DD-MON-RR'),197.3,-18);
Insert into ACCUMS.TEST_RX_CLAIMS (CLAIM_ID,CLAIM_DATE,CLAIM_AMOUNT,MEMBER_ID) values (-983,to_date('23-DEC-19','DD-MON-RR'),129.47,-77);
Insert into ACCUMS.TEST_RX_CLAIMS (CLAIM_ID,CLAIM_DATE,CLAIM_AMOUNT,MEMBER_ID) values (-985,to_date('12-NOV-19','DD-MON-RR'),111.25,-9);
Insert into ACCUMS.TEST_RX_CLAIMS (CLAIM_ID,CLAIM_DATE,CLAIM_AMOUNT,MEMBER_ID) values (-987,to_date('26-NOV-19','DD-MON-RR'),77.99,-54);
Insert into ACCUMS.TEST_RX_CLAIMS (CLAIM_ID,CLAIM_DATE,CLAIM_AMOUNT,MEMBER_ID) values (-989,to_date('12-NOV-19','DD-MON-RR'),50.8,-11);
Insert into ACCUMS.TEST_RX_CLAIMS (CLAIM_ID,CLAIM_DATE,CLAIM_AMOUNT,MEMBER_ID) values (-991,to_date('19-DEC-19','DD-MON-RR'),78.42,-24);
Insert into ACCUMS.TEST_RX_CLAIMS (CLAIM_ID,CLAIM_DATE,CLAIM_AMOUNT,MEMBER_ID) values (-993,to_date('07-NOV-19','DD-MON-RR'),352.62,-33);
Insert into ACCUMS.TEST_RX_CLAIMS (CLAIM_ID,CLAIM_DATE,CLAIM_AMOUNT,MEMBER_ID) values (-995,to_date('18-NOV-19','DD-MON-RR'),244.66,-8);
Insert into ACCUMS.TEST_RX_CLAIMS (CLAIM_ID,CLAIM_DATE,CLAIM_AMOUNT,MEMBER_ID) values (-997,to_date('27-NOV-19','DD-MON-RR'),146.4,-14);
Insert into ACCUMS.TEST_RX_CLAIMS (CLAIM_ID,CLAIM_DATE,CLAIM_AMOUNT,MEMBER_ID) values (-999,to_date('21-OCT-19','DD-MON-RR'),260.09,-50);
Insert into ACCUMS.TEST_RX_CLAIMS (CLAIM_ID,CLAIM_DATE,CLAIM_AMOUNT,MEMBER_ID) values (-567,to_date('18-OCT-19','DD-MON-RR'),91.45,-44);
Insert into ACCUMS.TEST_RX_CLAIMS (CLAIM_ID,CLAIM_DATE,CLAIM_AMOUNT,MEMBER_ID) values (-569,to_date('30-OCT-19','DD-MON-RR'),239.5,-65);
Insert into ACCUMS.TEST_RX_CLAIMS (CLAIM_ID,CLAIM_DATE,CLAIM_AMOUNT,MEMBER_ID) values (-571,to_date('04-OCT-19','DD-MON-RR'),283.42,-44);
Insert into ACCUMS.TEST_RX_CLAIMS (CLAIM_ID,CLAIM_DATE,CLAIM_AMOUNT,MEMBER_ID) values (-573,to_date('24-DEC-19','DD-MON-RR'),30.78,-19);
Insert into ACCUMS.TEST_RX_CLAIMS (CLAIM_ID,CLAIM_DATE,CLAIM_AMOUNT,MEMBER_ID) values (-575,to_date('01-JAN-20','DD-MON-RR'),341.79,-31);
Insert into ACCUMS.TEST_RX_CLAIMS (CLAIM_ID,CLAIM_DATE,CLAIM_AMOUNT,MEMBER_ID) values (-577,to_date('02-DEC-19','DD-MON-RR'),235.43,-61);
Insert into ACCUMS.TEST_RX_CLAIMS (CLAIM_ID,CLAIM_DATE,CLAIM_AMOUNT,MEMBER_ID) values (-579,to_date('29-NOV-19','DD-MON-RR'),73.09,-32);
Insert into ACCUMS.TEST_RX_CLAIMS (CLAIM_ID,CLAIM_DATE,CLAIM_AMOUNT,MEMBER_ID) values (-581,to_date('23-OCT-19','DD-MON-RR'),81.86,-34);
Insert into ACCUMS.TEST_RX_CLAIMS (CLAIM_ID,CLAIM_DATE,CLAIM_AMOUNT,MEMBER_ID) values (-583,to_date('20-DEC-19','DD-MON-RR'),62.47,-50);
Insert into ACCUMS.TEST_RX_CLAIMS (CLAIM_ID,CLAIM_DATE,CLAIM_AMOUNT,MEMBER_ID) values (-585,to_date('15-DEC-19','DD-MON-RR'),362.31,-7);
Insert into ACCUMS.TEST_RX_CLAIMS (CLAIM_ID,CLAIM_DATE,CLAIM_AMOUNT,MEMBER_ID) values (-587,to_date('10-OCT-19','DD-MON-RR'),36.35,-16);
Insert into ACCUMS.TEST_RX_CLAIMS (CLAIM_ID,CLAIM_DATE,CLAIM_AMOUNT,MEMBER_ID) values (-589,to_date('03-DEC-19','DD-MON-RR'),150.37,-71);
Insert into ACCUMS.TEST_RX_CLAIMS (CLAIM_ID,CLAIM_DATE,CLAIM_AMOUNT,MEMBER_ID) values (-591,to_date('19-DEC-19','DD-MON-RR'),373.63,-23);
Insert into ACCUMS.TEST_RX_CLAIMS (CLAIM_ID,CLAIM_DATE,CLAIM_AMOUNT,MEMBER_ID) values (-593,to_date('10-DEC-19','DD-MON-RR'),106.02,-2);
Insert into ACCUMS.TEST_RX_CLAIMS (CLAIM_ID,CLAIM_DATE,CLAIM_AMOUNT,MEMBER_ID) values (-595,to_date('20-DEC-19','DD-MON-RR'),250.95,-40);
Insert into ACCUMS.TEST_RX_CLAIMS (CLAIM_ID,CLAIM_DATE,CLAIM_AMOUNT,MEMBER_ID) values (-597,to_date('10-OCT-19','DD-MON-RR'),128.16,-22);
Insert into ACCUMS.TEST_RX_CLAIMS (CLAIM_ID,CLAIM_DATE,CLAIM_AMOUNT,MEMBER_ID) values (-599,to_date('29-OCT-19','DD-MON-RR'),57.1,-47);
Insert into ACCUMS.TEST_RX_CLAIMS (CLAIM_ID,CLAIM_DATE,CLAIM_AMOUNT,MEMBER_ID) values (-601,to_date('05-OCT-19','DD-MON-RR'),158.48,-8);
Insert into ACCUMS.TEST_RX_CLAIMS (CLAIM_ID,CLAIM_DATE,CLAIM_AMOUNT,MEMBER_ID) values (-603,to_date('26-NOV-19','DD-MON-RR'),217.45,-14);
Insert into ACCUMS.TEST_RX_CLAIMS (CLAIM_ID,CLAIM_DATE,CLAIM_AMOUNT,MEMBER_ID) values (-605,to_date('01-NOV-19','DD-MON-RR'),45.67,-57);
Insert into ACCUMS.TEST_RX_CLAIMS (CLAIM_ID,CLAIM_DATE,CLAIM_AMOUNT,MEMBER_ID) values (-607,to_date('27-OCT-19','DD-MON-RR'),112.6,-56);
Insert into ACCUMS.TEST_RX_CLAIMS (CLAIM_ID,CLAIM_DATE,CLAIM_AMOUNT,MEMBER_ID) values (-609,to_date('29-DEC-19','DD-MON-RR'),369.21,-7);
Insert into ACCUMS.TEST_RX_CLAIMS (CLAIM_ID,CLAIM_DATE,CLAIM_AMOUNT,MEMBER_ID) values (-611,to_date('17-DEC-19','DD-MON-RR'),103.15,-53);
Insert into ACCUMS.TEST_RX_CLAIMS (CLAIM_ID,CLAIM_DATE,CLAIM_AMOUNT,MEMBER_ID) values (-613,to_date('16-NOV-19','DD-MON-RR'),255.04,-14);
Insert into ACCUMS.TEST_RX_CLAIMS (CLAIM_ID,CLAIM_DATE,CLAIM_AMOUNT,MEMBER_ID) values (-615,to_date('20-NOV-19','DD-MON-RR'),244.23,-35);
Insert into ACCUMS.TEST_RX_CLAIMS (CLAIM_ID,CLAIM_DATE,CLAIM_AMOUNT,MEMBER_ID) values (-617,to_date('21-DEC-19','DD-MON-RR'),184.76,-34);
Insert into ACCUMS.TEST_RX_CLAIMS (CLAIM_ID,CLAIM_DATE,CLAIM_AMOUNT,MEMBER_ID) values (-619,to_date('16-DEC-19','DD-MON-RR'),27.25,-26);
Insert into ACCUMS.TEST_RX_CLAIMS (CLAIM_ID,CLAIM_DATE,CLAIM_AMOUNT,MEMBER_ID) values (-621,to_date('20-NOV-19','DD-MON-RR'),267.32,-64);
Insert into ACCUMS.TEST_RX_CLAIMS (CLAIM_ID,CLAIM_DATE,CLAIM_AMOUNT,MEMBER_ID) values (-623,to_date('05-NOV-19','DD-MON-RR'),91.8,-60);
Insert into ACCUMS.TEST_RX_CLAIMS (CLAIM_ID,CLAIM_DATE,CLAIM_AMOUNT,MEMBER_ID) values (-625,to_date('18-DEC-19','DD-MON-RR'),97.43,-71);
Insert into ACCUMS.TEST_RX_CLAIMS (CLAIM_ID,CLAIM_DATE,CLAIM_AMOUNT,MEMBER_ID) values (-627,to_date('11-OCT-19','DD-MON-RR'),115.25,-31);
Insert into ACCUMS.TEST_RX_CLAIMS (CLAIM_ID,CLAIM_DATE,CLAIM_AMOUNT,MEMBER_ID) values (-629,to_date('22-NOV-19','DD-MON-RR'),187.88,-26);
Insert into ACCUMS.TEST_RX_CLAIMS (CLAIM_ID,CLAIM_DATE,CLAIM_AMOUNT,MEMBER_ID) values (-631,to_date('05-OCT-19','DD-MON-RR'),13.75,-25);
Insert into ACCUMS.TEST_RX_CLAIMS (CLAIM_ID,CLAIM_DATE,CLAIM_AMOUNT,MEMBER_ID) values (-633,to_date('25-DEC-19','DD-MON-RR'),60.59,-67);
Insert into ACCUMS.TEST_RX_CLAIMS (CLAIM_ID,CLAIM_DATE,CLAIM_AMOUNT,MEMBER_ID) values (-635,to_date('06-NOV-19','DD-MON-RR'),162.37,-56);
Insert into ACCUMS.TEST_RX_CLAIMS (CLAIM_ID,CLAIM_DATE,CLAIM_AMOUNT,MEMBER_ID) values (-637,to_date('18-DEC-19','DD-MON-RR'),57.06,-29);
Insert into ACCUMS.TEST_RX_CLAIMS (CLAIM_ID,CLAIM_DATE,CLAIM_AMOUNT,MEMBER_ID) values (-639,to_date('29-OCT-19','DD-MON-RR'),391.08,-12);
Insert into ACCUMS.TEST_RX_CLAIMS (CLAIM_ID,CLAIM_DATE,CLAIM_AMOUNT,MEMBER_ID) values (-641,to_date('17-NOV-19','DD-MON-RR'),244.81,-22);
Insert into ACCUMS.TEST_RX_CLAIMS (CLAIM_ID,CLAIM_DATE,CLAIM_AMOUNT,MEMBER_ID) values (-643,to_date('22-NOV-19','DD-MON-RR'),146.79,-32);
Insert into ACCUMS.TEST_RX_CLAIMS (CLAIM_ID,CLAIM_DATE,CLAIM_AMOUNT,MEMBER_ID) values (-645,to_date('03-DEC-19','DD-MON-RR'),216,-56);
Insert into ACCUMS.TEST_RX_CLAIMS (CLAIM_ID,CLAIM_DATE,CLAIM_AMOUNT,MEMBER_ID) values (-647,to_date('06-JAN-20','DD-MON-RR'),280.37,-49);
Insert into ACCUMS.TEST_RX_CLAIMS (CLAIM_ID,CLAIM_DATE,CLAIM_AMOUNT,MEMBER_ID) values (-649,to_date('15-NOV-19','DD-MON-RR'),274.98,-2);
Insert into ACCUMS.TEST_RX_CLAIMS (CLAIM_ID,CLAIM_DATE,CLAIM_AMOUNT,MEMBER_ID) values (-651,to_date('14-NOV-19','DD-MON-RR'),270.14,-61);
Insert into ACCUMS.TEST_RX_CLAIMS (CLAIM_ID,CLAIM_DATE,CLAIM_AMOUNT,MEMBER_ID) values (-653,to_date('27-NOV-19','DD-MON-RR'),46.14,-62);
Insert into ACCUMS.TEST_RX_CLAIMS (CLAIM_ID,CLAIM_DATE,CLAIM_AMOUNT,MEMBER_ID) values (-655,to_date('08-NOV-19','DD-MON-RR'),235.76,-55);
Insert into ACCUMS.TEST_RX_CLAIMS (CLAIM_ID,CLAIM_DATE,CLAIM_AMOUNT,MEMBER_ID) values (-657,to_date('30-NOV-19','DD-MON-RR'),299.68,-55);
Insert into ACCUMS.TEST_RX_CLAIMS (CLAIM_ID,CLAIM_DATE,CLAIM_AMOUNT,MEMBER_ID) values (-659,to_date('04-DEC-19','DD-MON-RR'),33.69,-25);
Insert into ACCUMS.TEST_RX_CLAIMS (CLAIM_ID,CLAIM_DATE,CLAIM_AMOUNT,MEMBER_ID) values (-661,to_date('28-DEC-19','DD-MON-RR'),16.26,-4);
Insert into ACCUMS.TEST_RX_CLAIMS (CLAIM_ID,CLAIM_DATE,CLAIM_AMOUNT,MEMBER_ID) values (-663,to_date('28-OCT-19','DD-MON-RR'),317.67,-53);
Insert into ACCUMS.TEST_RX_CLAIMS (CLAIM_ID,CLAIM_DATE,CLAIM_AMOUNT,MEMBER_ID) values (-665,to_date('18-DEC-19','DD-MON-RR'),257.9,-24);
Insert into ACCUMS.TEST_RX_CLAIMS (CLAIM_ID,CLAIM_DATE,CLAIM_AMOUNT,MEMBER_ID) values (-667,to_date('02-DEC-19','DD-MON-RR'),380.96,-35);
Insert into ACCUMS.TEST_RX_CLAIMS (CLAIM_ID,CLAIM_DATE,CLAIM_AMOUNT,MEMBER_ID) values (-669,to_date('24-OCT-19','DD-MON-RR'),369.19,-61);
Insert into ACCUMS.TEST_RX_CLAIMS (CLAIM_ID,CLAIM_DATE,CLAIM_AMOUNT,MEMBER_ID) values (-671,to_date('04-NOV-19','DD-MON-RR'),218.18,-13);
Insert into ACCUMS.TEST_RX_CLAIMS (CLAIM_ID,CLAIM_DATE,CLAIM_AMOUNT,MEMBER_ID) values (-673,to_date('16-DEC-19','DD-MON-RR'),139.69,-31);
Insert into ACCUMS.TEST_RX_CLAIMS (CLAIM_ID,CLAIM_DATE,CLAIM_AMOUNT,MEMBER_ID) values (-675,to_date('09-DEC-19','DD-MON-RR'),246.19,-32);
Insert into ACCUMS.TEST_RX_CLAIMS (CLAIM_ID,CLAIM_DATE,CLAIM_AMOUNT,MEMBER_ID) values (-677,to_date('07-OCT-19','DD-MON-RR'),295.08,-4);
Insert into ACCUMS.TEST_RX_CLAIMS (CLAIM_ID,CLAIM_DATE,CLAIM_AMOUNT,MEMBER_ID) values (-679,to_date('19-OCT-19','DD-MON-RR'),355.26,-77);
Insert into ACCUMS.TEST_RX_CLAIMS (CLAIM_ID,CLAIM_DATE,CLAIM_AMOUNT,MEMBER_ID) values (-681,to_date('14-DEC-19','DD-MON-RR'),156.11,-28);
Insert into ACCUMS.TEST_RX_CLAIMS (CLAIM_ID,CLAIM_DATE,CLAIM_AMOUNT,MEMBER_ID) values (-683,to_date('31-OCT-19','DD-MON-RR'),179.32,-79);
Insert into ACCUMS.TEST_RX_CLAIMS (CLAIM_ID,CLAIM_DATE,CLAIM_AMOUNT,MEMBER_ID) values (-685,to_date('27-NOV-19','DD-MON-RR'),272.23,-46);
Insert into ACCUMS.TEST_RX_CLAIMS (CLAIM_ID,CLAIM_DATE,CLAIM_AMOUNT,MEMBER_ID) values (-687,to_date('30-NOV-19','DD-MON-RR'),284.3,-53);
Insert into ACCUMS.TEST_RX_CLAIMS (CLAIM_ID,CLAIM_DATE,CLAIM_AMOUNT,MEMBER_ID) values (-689,to_date('29-NOV-19','DD-MON-RR'),192.43,-35);
Insert into ACCUMS.TEST_RX_CLAIMS (CLAIM_ID,CLAIM_DATE,CLAIM_AMOUNT,MEMBER_ID) values (-691,to_date('04-JAN-20','DD-MON-RR'),197.41,-59);
Insert into ACCUMS.TEST_RX_CLAIMS (CLAIM_ID,CLAIM_DATE,CLAIM_AMOUNT,MEMBER_ID) values (-693,to_date('01-DEC-19','DD-MON-RR'),1.77,-6);
Insert into ACCUMS.TEST_RX_CLAIMS (CLAIM_ID,CLAIM_DATE,CLAIM_AMOUNT,MEMBER_ID) values (-695,to_date('28-OCT-19','DD-MON-RR'),148.42,-34);
Insert into ACCUMS.TEST_RX_CLAIMS (CLAIM_ID,CLAIM_DATE,CLAIM_AMOUNT,MEMBER_ID) values (-697,to_date('12-OCT-19','DD-MON-RR'),86.39,-48);

commit;


Insert into ACCUMS.TEST_MED_CLAIMS (CLAIM_ID,CLAIM_DATE,CLAIM_AMOUNT,MEMBER_ID) values (-2,to_date('09-OCT-19','DD-MON-RR'),4653.37,-13);
Insert into ACCUMS.TEST_MED_CLAIMS (CLAIM_ID,CLAIM_DATE,CLAIM_AMOUNT,MEMBER_ID) values (-4,to_date('02-DEC-19','DD-MON-RR'),2652.85,-48);
Insert into ACCUMS.TEST_MED_CLAIMS (CLAIM_ID,CLAIM_DATE,CLAIM_AMOUNT,MEMBER_ID) values (-6,to_date('15-OCT-19','DD-MON-RR'),24.1,-18);
Insert into ACCUMS.TEST_MED_CLAIMS (CLAIM_ID,CLAIM_DATE,CLAIM_AMOUNT,MEMBER_ID) values (-8,to_date('21-OCT-19','DD-MON-RR'),3345.72,-57);
Insert into ACCUMS.TEST_MED_CLAIMS (CLAIM_ID,CLAIM_DATE,CLAIM_AMOUNT,MEMBER_ID) values (-10,to_date('11-DEC-19','DD-MON-RR'),1246.65,-62);
Insert into ACCUMS.TEST_MED_CLAIMS (CLAIM_ID,CLAIM_DATE,CLAIM_AMOUNT,MEMBER_ID) values (-12,to_date('29-NOV-19','DD-MON-RR'),2036.08,-41);
Insert into ACCUMS.TEST_MED_CLAIMS (CLAIM_ID,CLAIM_DATE,CLAIM_AMOUNT,MEMBER_ID) values (-14,to_date('15-DEC-19','DD-MON-RR'),2529.93,-15);
Insert into ACCUMS.TEST_MED_CLAIMS (CLAIM_ID,CLAIM_DATE,CLAIM_AMOUNT,MEMBER_ID) values (-16,to_date('05-DEC-19','DD-MON-RR'),1482.77,-64);
Insert into ACCUMS.TEST_MED_CLAIMS (CLAIM_ID,CLAIM_DATE,CLAIM_AMOUNT,MEMBER_ID) values (-18,to_date('05-NOV-19','DD-MON-RR'),4433.58,-54);
Insert into ACCUMS.TEST_MED_CLAIMS (CLAIM_ID,CLAIM_DATE,CLAIM_AMOUNT,MEMBER_ID) values (-20,to_date('30-DEC-19','DD-MON-RR'),1018.32,-15);
Insert into ACCUMS.TEST_MED_CLAIMS (CLAIM_ID,CLAIM_DATE,CLAIM_AMOUNT,MEMBER_ID) values (-22,to_date('03-NOV-19','DD-MON-RR'),3927.24,-75);
Insert into ACCUMS.TEST_MED_CLAIMS (CLAIM_ID,CLAIM_DATE,CLAIM_AMOUNT,MEMBER_ID) values (-24,to_date('08-OCT-19','DD-MON-RR'),545.02,-41);
Insert into ACCUMS.TEST_MED_CLAIMS (CLAIM_ID,CLAIM_DATE,CLAIM_AMOUNT,MEMBER_ID) values (-26,to_date('16-OCT-19','DD-MON-RR'),758.49,-77);
Insert into ACCUMS.TEST_MED_CLAIMS (CLAIM_ID,CLAIM_DATE,CLAIM_AMOUNT,MEMBER_ID) values (-28,to_date('19-DEC-19','DD-MON-RR'),4685.46,-12);
Insert into ACCUMS.TEST_MED_CLAIMS (CLAIM_ID,CLAIM_DATE,CLAIM_AMOUNT,MEMBER_ID) values (-30,to_date('14-OCT-19','DD-MON-RR'),2520.23,-49);
Insert into ACCUMS.TEST_MED_CLAIMS (CLAIM_ID,CLAIM_DATE,CLAIM_AMOUNT,MEMBER_ID) values (-32,to_date('17-DEC-19','DD-MON-RR'),4578.57,-24);
Insert into ACCUMS.TEST_MED_CLAIMS (CLAIM_ID,CLAIM_DATE,CLAIM_AMOUNT,MEMBER_ID) values (-34,to_date('04-JAN-20','DD-MON-RR'),1426.19,-33);
Insert into ACCUMS.TEST_MED_CLAIMS (CLAIM_ID,CLAIM_DATE,CLAIM_AMOUNT,MEMBER_ID) values (-36,to_date('21-NOV-19','DD-MON-RR'),2535.82,-4);
Insert into ACCUMS.TEST_MED_CLAIMS (CLAIM_ID,CLAIM_DATE,CLAIM_AMOUNT,MEMBER_ID) values (-38,to_date('04-DEC-19','DD-MON-RR'),1530.39,-12);
Insert into ACCUMS.TEST_MED_CLAIMS (CLAIM_ID,CLAIM_DATE,CLAIM_AMOUNT,MEMBER_ID) values (-40,to_date('08-DEC-19','DD-MON-RR'),2730.64,-24);
Insert into ACCUMS.TEST_MED_CLAIMS (CLAIM_ID,CLAIM_DATE,CLAIM_AMOUNT,MEMBER_ID) values (-42,to_date('07-JAN-20','DD-MON-RR'),797.78,-3);
Insert into ACCUMS.TEST_MED_CLAIMS (CLAIM_ID,CLAIM_DATE,CLAIM_AMOUNT,MEMBER_ID) values (-44,to_date('04-OCT-19','DD-MON-RR'),4518.16,-35);
Insert into ACCUMS.TEST_MED_CLAIMS (CLAIM_ID,CLAIM_DATE,CLAIM_AMOUNT,MEMBER_ID) values (-46,to_date('10-OCT-19','DD-MON-RR'),3464.39,-36);
Insert into ACCUMS.TEST_MED_CLAIMS (CLAIM_ID,CLAIM_DATE,CLAIM_AMOUNT,MEMBER_ID) values (-48,to_date('11-OCT-19','DD-MON-RR'),1162.53,-65);
Insert into ACCUMS.TEST_MED_CLAIMS (CLAIM_ID,CLAIM_DATE,CLAIM_AMOUNT,MEMBER_ID) values (-50,to_date('18-NOV-19','DD-MON-RR'),2734.72,-37);
Insert into ACCUMS.TEST_MED_CLAIMS (CLAIM_ID,CLAIM_DATE,CLAIM_AMOUNT,MEMBER_ID) values (-52,to_date('21-NOV-19','DD-MON-RR'),319.46,-36);
Insert into ACCUMS.TEST_MED_CLAIMS (CLAIM_ID,CLAIM_DATE,CLAIM_AMOUNT,MEMBER_ID) values (-54,to_date('28-DEC-19','DD-MON-RR'),2266.27,-33);
Insert into ACCUMS.TEST_MED_CLAIMS (CLAIM_ID,CLAIM_DATE,CLAIM_AMOUNT,MEMBER_ID) values (-56,to_date('01-JAN-20','DD-MON-RR'),1340.4,-80);
Insert into ACCUMS.TEST_MED_CLAIMS (CLAIM_ID,CLAIM_DATE,CLAIM_AMOUNT,MEMBER_ID) values (-58,to_date('23-DEC-19','DD-MON-RR'),1136.55,-62);
Insert into ACCUMS.TEST_MED_CLAIMS (CLAIM_ID,CLAIM_DATE,CLAIM_AMOUNT,MEMBER_ID) values (-60,to_date('30-NOV-19','DD-MON-RR'),2684.76,-57);
Insert into ACCUMS.TEST_MED_CLAIMS (CLAIM_ID,CLAIM_DATE,CLAIM_AMOUNT,MEMBER_ID) values (-62,to_date('22-OCT-19','DD-MON-RR'),2300.48,-77);
Insert into ACCUMS.TEST_MED_CLAIMS (CLAIM_ID,CLAIM_DATE,CLAIM_AMOUNT,MEMBER_ID) values (-64,to_date('12-NOV-19','DD-MON-RR'),134.1,-13);
Insert into ACCUMS.TEST_MED_CLAIMS (CLAIM_ID,CLAIM_DATE,CLAIM_AMOUNT,MEMBER_ID) values (-66,to_date('08-JAN-20','DD-MON-RR'),4914.26,-41);
Insert into ACCUMS.TEST_MED_CLAIMS (CLAIM_ID,CLAIM_DATE,CLAIM_AMOUNT,MEMBER_ID) values (-68,to_date('14-DEC-19','DD-MON-RR'),3452.84,-62);
Insert into ACCUMS.TEST_MED_CLAIMS (CLAIM_ID,CLAIM_DATE,CLAIM_AMOUNT,MEMBER_ID) values (-70,to_date('04-OCT-19','DD-MON-RR'),4465.91,-48);
Insert into ACCUMS.TEST_MED_CLAIMS (CLAIM_ID,CLAIM_DATE,CLAIM_AMOUNT,MEMBER_ID) values (-72,to_date('17-OCT-19','DD-MON-RR'),4527.94,-73);
Insert into ACCUMS.TEST_MED_CLAIMS (CLAIM_ID,CLAIM_DATE,CLAIM_AMOUNT,MEMBER_ID) values (-74,to_date('13-OCT-19','DD-MON-RR'),3275.82,-24);
Insert into ACCUMS.TEST_MED_CLAIMS (CLAIM_ID,CLAIM_DATE,CLAIM_AMOUNT,MEMBER_ID) values (-76,to_date('21-NOV-19','DD-MON-RR'),871.11,-18);
Insert into ACCUMS.TEST_MED_CLAIMS (CLAIM_ID,CLAIM_DATE,CLAIM_AMOUNT,MEMBER_ID) values (-78,to_date('11-DEC-19','DD-MON-RR'),3300.73,-19);
Insert into ACCUMS.TEST_MED_CLAIMS (CLAIM_ID,CLAIM_DATE,CLAIM_AMOUNT,MEMBER_ID) values (-80,to_date('26-DEC-19','DD-MON-RR'),3791.37,-29);
Insert into ACCUMS.TEST_MED_CLAIMS (CLAIM_ID,CLAIM_DATE,CLAIM_AMOUNT,MEMBER_ID) values (-82,to_date('26-NOV-19','DD-MON-RR'),2103.81,-75);
Insert into ACCUMS.TEST_MED_CLAIMS (CLAIM_ID,CLAIM_DATE,CLAIM_AMOUNT,MEMBER_ID) values (-84,to_date('14-OCT-19','DD-MON-RR'),4459.54,-51);
Insert into ACCUMS.TEST_MED_CLAIMS (CLAIM_ID,CLAIM_DATE,CLAIM_AMOUNT,MEMBER_ID) values (-86,to_date('07-NOV-19','DD-MON-RR'),3732.29,-69);
Insert into ACCUMS.TEST_MED_CLAIMS (CLAIM_ID,CLAIM_DATE,CLAIM_AMOUNT,MEMBER_ID) values (-88,to_date('10-NOV-19','DD-MON-RR'),1272.64,-45);
Insert into ACCUMS.TEST_MED_CLAIMS (CLAIM_ID,CLAIM_DATE,CLAIM_AMOUNT,MEMBER_ID) values (-90,to_date('14-NOV-19','DD-MON-RR'),4872.85,-53);
Insert into ACCUMS.TEST_MED_CLAIMS (CLAIM_ID,CLAIM_DATE,CLAIM_AMOUNT,MEMBER_ID) values (-92,to_date('18-NOV-19','DD-MON-RR'),1634.89,-7);
Insert into ACCUMS.TEST_MED_CLAIMS (CLAIM_ID,CLAIM_DATE,CLAIM_AMOUNT,MEMBER_ID) values (-94,to_date('25-DEC-19','DD-MON-RR'),1788.71,-6);
Insert into ACCUMS.TEST_MED_CLAIMS (CLAIM_ID,CLAIM_DATE,CLAIM_AMOUNT,MEMBER_ID) values (-96,to_date('29-NOV-19','DD-MON-RR'),4581.71,-33);
Insert into ACCUMS.TEST_MED_CLAIMS (CLAIM_ID,CLAIM_DATE,CLAIM_AMOUNT,MEMBER_ID) values (-98,to_date('05-NOV-19','DD-MON-RR'),3647.15,-2);
Insert into ACCUMS.TEST_MED_CLAIMS (CLAIM_ID,CLAIM_DATE,CLAIM_AMOUNT,MEMBER_ID) values (-100,to_date('04-DEC-19','DD-MON-RR'),4996.51,-32);
Insert into ACCUMS.TEST_MED_CLAIMS (CLAIM_ID,CLAIM_DATE,CLAIM_AMOUNT,MEMBER_ID) values (-102,to_date('30-NOV-19','DD-MON-RR'),1937.29,-18);
Insert into ACCUMS.TEST_MED_CLAIMS (CLAIM_ID,CLAIM_DATE,CLAIM_AMOUNT,MEMBER_ID) values (-104,to_date('25-NOV-19','DD-MON-RR'),3874.92,-9);
Insert into ACCUMS.TEST_MED_CLAIMS (CLAIM_ID,CLAIM_DATE,CLAIM_AMOUNT,MEMBER_ID) values (-106,to_date('25-NOV-19','DD-MON-RR'),39.6,-14);
Insert into ACCUMS.TEST_MED_CLAIMS (CLAIM_ID,CLAIM_DATE,CLAIM_AMOUNT,MEMBER_ID) values (-108,to_date('12-OCT-19','DD-MON-RR'),1048.67,-57);
Insert into ACCUMS.TEST_MED_CLAIMS (CLAIM_ID,CLAIM_DATE,CLAIM_AMOUNT,MEMBER_ID) values (-110,to_date('03-JAN-20','DD-MON-RR'),4385.02,-27);
Insert into ACCUMS.TEST_MED_CLAIMS (CLAIM_ID,CLAIM_DATE,CLAIM_AMOUNT,MEMBER_ID) values (-112,to_date('16-OCT-19','DD-MON-RR'),2682.05,-60);
Insert into ACCUMS.TEST_MED_CLAIMS (CLAIM_ID,CLAIM_DATE,CLAIM_AMOUNT,MEMBER_ID) values (-114,to_date('07-JAN-20','DD-MON-RR'),4293.09,-56);
Insert into ACCUMS.TEST_MED_CLAIMS (CLAIM_ID,CLAIM_DATE,CLAIM_AMOUNT,MEMBER_ID) values (-116,to_date('17-OCT-19','DD-MON-RR'),496.22,-59);
Insert into ACCUMS.TEST_MED_CLAIMS (CLAIM_ID,CLAIM_DATE,CLAIM_AMOUNT,MEMBER_ID) values (-118,to_date('25-OCT-19','DD-MON-RR'),1233.27,-18);
Insert into ACCUMS.TEST_MED_CLAIMS (CLAIM_ID,CLAIM_DATE,CLAIM_AMOUNT,MEMBER_ID) values (-120,to_date('18-NOV-19','DD-MON-RR'),2216.81,-22);
Insert into ACCUMS.TEST_MED_CLAIMS (CLAIM_ID,CLAIM_DATE,CLAIM_AMOUNT,MEMBER_ID) values (-122,to_date('01-NOV-19','DD-MON-RR'),1495.19,-26);
Insert into ACCUMS.TEST_MED_CLAIMS (CLAIM_ID,CLAIM_DATE,CLAIM_AMOUNT,MEMBER_ID) values (-124,to_date('01-NOV-19','DD-MON-RR'),2337.48,-69);
Insert into ACCUMS.TEST_MED_CLAIMS (CLAIM_ID,CLAIM_DATE,CLAIM_AMOUNT,MEMBER_ID) values (-126,to_date('01-DEC-19','DD-MON-RR'),3625.7,-25);
Insert into ACCUMS.TEST_MED_CLAIMS (CLAIM_ID,CLAIM_DATE,CLAIM_AMOUNT,MEMBER_ID) values (-128,to_date('04-NOV-19','DD-MON-RR'),4043.23,-11);
Insert into ACCUMS.TEST_MED_CLAIMS (CLAIM_ID,CLAIM_DATE,CLAIM_AMOUNT,MEMBER_ID) values (-130,to_date('06-JAN-20','DD-MON-RR'),1857.82,-78);
Insert into ACCUMS.TEST_MED_CLAIMS (CLAIM_ID,CLAIM_DATE,CLAIM_AMOUNT,MEMBER_ID) values (-132,to_date('07-OCT-19','DD-MON-RR'),3524.07,-13);
Insert into ACCUMS.TEST_MED_CLAIMS (CLAIM_ID,CLAIM_DATE,CLAIM_AMOUNT,MEMBER_ID) values (-134,to_date('01-NOV-19','DD-MON-RR'),2625.12,-46);
Insert into ACCUMS.TEST_MED_CLAIMS (CLAIM_ID,CLAIM_DATE,CLAIM_AMOUNT,MEMBER_ID) values (-136,to_date('14-DEC-19','DD-MON-RR'),748.25,-78);
Insert into ACCUMS.TEST_MED_CLAIMS (CLAIM_ID,CLAIM_DATE,CLAIM_AMOUNT,MEMBER_ID) values (-138,to_date('16-NOV-19','DD-MON-RR'),889.46,-21);
Insert into ACCUMS.TEST_MED_CLAIMS (CLAIM_ID,CLAIM_DATE,CLAIM_AMOUNT,MEMBER_ID) values (-140,to_date('07-OCT-19','DD-MON-RR'),3568.24,-54);
Insert into ACCUMS.TEST_MED_CLAIMS (CLAIM_ID,CLAIM_DATE,CLAIM_AMOUNT,MEMBER_ID) values (-142,to_date('26-DEC-19','DD-MON-RR'),3134.79,-15);
Insert into ACCUMS.TEST_MED_CLAIMS (CLAIM_ID,CLAIM_DATE,CLAIM_AMOUNT,MEMBER_ID) values (-144,to_date('22-DEC-19','DD-MON-RR'),407.18,-21);
Insert into ACCUMS.TEST_MED_CLAIMS (CLAIM_ID,CLAIM_DATE,CLAIM_AMOUNT,MEMBER_ID) values (-146,to_date('02-DEC-19','DD-MON-RR'),4576.6,-77);
Insert into ACCUMS.TEST_MED_CLAIMS (CLAIM_ID,CLAIM_DATE,CLAIM_AMOUNT,MEMBER_ID) values (-148,to_date('17-DEC-19','DD-MON-RR'),2820.79,-44);
Insert into ACCUMS.TEST_MED_CLAIMS (CLAIM_ID,CLAIM_DATE,CLAIM_AMOUNT,MEMBER_ID) values (-150,to_date('20-NOV-19','DD-MON-RR'),4394.74,-34);
Insert into ACCUMS.TEST_MED_CLAIMS (CLAIM_ID,CLAIM_DATE,CLAIM_AMOUNT,MEMBER_ID) values (-152,to_date('11-DEC-19','DD-MON-RR'),4148.44,-13);
Insert into ACCUMS.TEST_MED_CLAIMS (CLAIM_ID,CLAIM_DATE,CLAIM_AMOUNT,MEMBER_ID) values (-154,to_date('23-DEC-19','DD-MON-RR'),2189.8,-19);
Insert into ACCUMS.TEST_MED_CLAIMS (CLAIM_ID,CLAIM_DATE,CLAIM_AMOUNT,MEMBER_ID) values (-156,to_date('05-JAN-20','DD-MON-RR'),4559.9,-8);
Insert into ACCUMS.TEST_MED_CLAIMS (CLAIM_ID,CLAIM_DATE,CLAIM_AMOUNT,MEMBER_ID) values (-158,to_date('15-OCT-19','DD-MON-RR'),834.34,-23);
Insert into ACCUMS.TEST_MED_CLAIMS (CLAIM_ID,CLAIM_DATE,CLAIM_AMOUNT,MEMBER_ID) values (-160,to_date('06-OCT-19','DD-MON-RR'),3204.59,-41);
Insert into ACCUMS.TEST_MED_CLAIMS (CLAIM_ID,CLAIM_DATE,CLAIM_AMOUNT,MEMBER_ID) values (-162,to_date('04-JAN-20','DD-MON-RR'),2311.66,-73);
Insert into ACCUMS.TEST_MED_CLAIMS (CLAIM_ID,CLAIM_DATE,CLAIM_AMOUNT,MEMBER_ID) values (-164,to_date('20-OCT-19','DD-MON-RR'),2706.32,-29);
Insert into ACCUMS.TEST_MED_CLAIMS (CLAIM_ID,CLAIM_DATE,CLAIM_AMOUNT,MEMBER_ID) values (-166,to_date('01-NOV-19','DD-MON-RR'),1322.35,-39);
Insert into ACCUMS.TEST_MED_CLAIMS (CLAIM_ID,CLAIM_DATE,CLAIM_AMOUNT,MEMBER_ID) values (-168,to_date('04-JAN-20','DD-MON-RR'),1830.72,-5);
Insert into ACCUMS.TEST_MED_CLAIMS (CLAIM_ID,CLAIM_DATE,CLAIM_AMOUNT,MEMBER_ID) values (-170,to_date('23-NOV-19','DD-MON-RR'),1183.2,-38);
Insert into ACCUMS.TEST_MED_CLAIMS (CLAIM_ID,CLAIM_DATE,CLAIM_AMOUNT,MEMBER_ID) values (-172,to_date('02-JAN-20','DD-MON-RR'),1068.04,-72);
Insert into ACCUMS.TEST_MED_CLAIMS (CLAIM_ID,CLAIM_DATE,CLAIM_AMOUNT,MEMBER_ID) values (-174,to_date('14-DEC-19','DD-MON-RR'),4259.43,-37);
Insert into ACCUMS.TEST_MED_CLAIMS (CLAIM_ID,CLAIM_DATE,CLAIM_AMOUNT,MEMBER_ID) values (-176,to_date('12-NOV-19','DD-MON-RR'),2800.16,-35);
Insert into ACCUMS.TEST_MED_CLAIMS (CLAIM_ID,CLAIM_DATE,CLAIM_AMOUNT,MEMBER_ID) values (-178,to_date('26-DEC-19','DD-MON-RR'),4980.17,-2);
Insert into ACCUMS.TEST_MED_CLAIMS (CLAIM_ID,CLAIM_DATE,CLAIM_AMOUNT,MEMBER_ID) values (-180,to_date('04-OCT-19','DD-MON-RR'),2602.49,-56);
Insert into ACCUMS.TEST_MED_CLAIMS (CLAIM_ID,CLAIM_DATE,CLAIM_AMOUNT,MEMBER_ID) values (-182,to_date('24-DEC-19','DD-MON-RR'),4411.98,-61);
Insert into ACCUMS.TEST_MED_CLAIMS (CLAIM_ID,CLAIM_DATE,CLAIM_AMOUNT,MEMBER_ID) values (-184,to_date('25-NOV-19','DD-MON-RR'),4756.16,-10);
Insert into ACCUMS.TEST_MED_CLAIMS (CLAIM_ID,CLAIM_DATE,CLAIM_AMOUNT,MEMBER_ID) values (-186,to_date('02-NOV-19','DD-MON-RR'),3097.69,-74);
Insert into ACCUMS.TEST_MED_CLAIMS (CLAIM_ID,CLAIM_DATE,CLAIM_AMOUNT,MEMBER_ID) values (-188,to_date('23-OCT-19','DD-MON-RR'),3041.48,-19);
Insert into ACCUMS.TEST_MED_CLAIMS (CLAIM_ID,CLAIM_DATE,CLAIM_AMOUNT,MEMBER_ID) values (-190,to_date('02-DEC-19','DD-MON-RR'),206.14,-59);
Insert into ACCUMS.TEST_MED_CLAIMS (CLAIM_ID,CLAIM_DATE,CLAIM_AMOUNT,MEMBER_ID) values (-192,to_date('06-OCT-19','DD-MON-RR'),2034.6,-59);
Insert into ACCUMS.TEST_MED_CLAIMS (CLAIM_ID,CLAIM_DATE,CLAIM_AMOUNT,MEMBER_ID) values (-194,to_date('27-OCT-19','DD-MON-RR'),146.21,-41);
Insert into ACCUMS.TEST_MED_CLAIMS (CLAIM_ID,CLAIM_DATE,CLAIM_AMOUNT,MEMBER_ID) values (-196,to_date('21-OCT-19','DD-MON-RR'),4073.64,-50);
Insert into ACCUMS.TEST_MED_CLAIMS (CLAIM_ID,CLAIM_DATE,CLAIM_AMOUNT,MEMBER_ID) values (-198,to_date('20-OCT-19','DD-MON-RR'),3763.48,-11);
Insert into ACCUMS.TEST_MED_CLAIMS (CLAIM_ID,CLAIM_DATE,CLAIM_AMOUNT,MEMBER_ID) values (-200,to_date('14-NOV-19','DD-MON-RR'),2641.98,-74);
Insert into ACCUMS.TEST_MED_CLAIMS (CLAIM_ID,CLAIM_DATE,CLAIM_AMOUNT,MEMBER_ID) values (-202,to_date('08-NOV-19','DD-MON-RR'),2003.35,-29);
Insert into ACCUMS.TEST_MED_CLAIMS (CLAIM_ID,CLAIM_DATE,CLAIM_AMOUNT,MEMBER_ID) values (-204,to_date('13-NOV-19','DD-MON-RR'),2096.15,-52);
Insert into ACCUMS.TEST_MED_CLAIMS (CLAIM_ID,CLAIM_DATE,CLAIM_AMOUNT,MEMBER_ID) values (-206,to_date('15-OCT-19','DD-MON-RR'),2915.29,-34);
Insert into ACCUMS.TEST_MED_CLAIMS (CLAIM_ID,CLAIM_DATE,CLAIM_AMOUNT,MEMBER_ID) values (-208,to_date('05-DEC-19','DD-MON-RR'),929.73,-64);
Insert into ACCUMS.TEST_MED_CLAIMS (CLAIM_ID,CLAIM_DATE,CLAIM_AMOUNT,MEMBER_ID) values (-210,to_date('06-OCT-19','DD-MON-RR'),2537.81,-75);
Insert into ACCUMS.TEST_MED_CLAIMS (CLAIM_ID,CLAIM_DATE,CLAIM_AMOUNT,MEMBER_ID) values (-212,to_date('12-NOV-19','DD-MON-RR'),1813.77,-35);
Insert into ACCUMS.TEST_MED_CLAIMS (CLAIM_ID,CLAIM_DATE,CLAIM_AMOUNT,MEMBER_ID) values (-214,to_date('27-OCT-19','DD-MON-RR'),1866.2,-19);
Insert into ACCUMS.TEST_MED_CLAIMS (CLAIM_ID,CLAIM_DATE,CLAIM_AMOUNT,MEMBER_ID) values (-216,to_date('14-OCT-19','DD-MON-RR'),3335.77,-28);
Insert into ACCUMS.TEST_MED_CLAIMS (CLAIM_ID,CLAIM_DATE,CLAIM_AMOUNT,MEMBER_ID) values (-218,to_date('19-NOV-19','DD-MON-RR'),4550.91,-57);
Insert into ACCUMS.TEST_MED_CLAIMS (CLAIM_ID,CLAIM_DATE,CLAIM_AMOUNT,MEMBER_ID) values (-220,to_date('16-DEC-19','DD-MON-RR'),2872.25,-73);
Insert into ACCUMS.TEST_MED_CLAIMS (CLAIM_ID,CLAIM_DATE,CLAIM_AMOUNT,MEMBER_ID) values (-222,to_date('06-DEC-19','DD-MON-RR'),761.24,-63);
Insert into ACCUMS.TEST_MED_CLAIMS (CLAIM_ID,CLAIM_DATE,CLAIM_AMOUNT,MEMBER_ID) values (-224,to_date('06-OCT-19','DD-MON-RR'),2985.2,-77);
Insert into ACCUMS.TEST_MED_CLAIMS (CLAIM_ID,CLAIM_DATE,CLAIM_AMOUNT,MEMBER_ID) values (-226,to_date('11-DEC-19','DD-MON-RR'),1103.58,-68);
Insert into ACCUMS.TEST_MED_CLAIMS (CLAIM_ID,CLAIM_DATE,CLAIM_AMOUNT,MEMBER_ID) values (-228,to_date('05-NOV-19','DD-MON-RR'),2285.62,-34);
Insert into ACCUMS.TEST_MED_CLAIMS (CLAIM_ID,CLAIM_DATE,CLAIM_AMOUNT,MEMBER_ID) values (-230,to_date('08-OCT-19','DD-MON-RR'),4090.35,-75);
Insert into ACCUMS.TEST_MED_CLAIMS (CLAIM_ID,CLAIM_DATE,CLAIM_AMOUNT,MEMBER_ID) values (-232,to_date('05-NOV-19','DD-MON-RR'),386.14,-42);
Insert into ACCUMS.TEST_MED_CLAIMS (CLAIM_ID,CLAIM_DATE,CLAIM_AMOUNT,MEMBER_ID) values (-234,to_date('22-NOV-19','DD-MON-RR'),4105.76,-22);
Insert into ACCUMS.TEST_MED_CLAIMS (CLAIM_ID,CLAIM_DATE,CLAIM_AMOUNT,MEMBER_ID) values (-236,to_date('03-JAN-20','DD-MON-RR'),3973.66,-11);
Insert into ACCUMS.TEST_MED_CLAIMS (CLAIM_ID,CLAIM_DATE,CLAIM_AMOUNT,MEMBER_ID) values (-238,to_date('01-NOV-19','DD-MON-RR'),4430.51,-3);
Insert into ACCUMS.TEST_MED_CLAIMS (CLAIM_ID,CLAIM_DATE,CLAIM_AMOUNT,MEMBER_ID) values (-240,to_date('13-OCT-19','DD-MON-RR'),1363.76,-78);
Insert into ACCUMS.TEST_MED_CLAIMS (CLAIM_ID,CLAIM_DATE,CLAIM_AMOUNT,MEMBER_ID) values (-242,to_date('07-DEC-19','DD-MON-RR'),3026.81,-54);
Insert into ACCUMS.TEST_MED_CLAIMS (CLAIM_ID,CLAIM_DATE,CLAIM_AMOUNT,MEMBER_ID) values (-244,to_date('24-NOV-19','DD-MON-RR'),3812.44,-4);
Insert into ACCUMS.TEST_MED_CLAIMS (CLAIM_ID,CLAIM_DATE,CLAIM_AMOUNT,MEMBER_ID) values (-246,to_date('20-DEC-19','DD-MON-RR'),3499.57,-21);
Insert into ACCUMS.TEST_MED_CLAIMS (CLAIM_ID,CLAIM_DATE,CLAIM_AMOUNT,MEMBER_ID) values (-248,to_date('20-OCT-19','DD-MON-RR'),3123.81,-57);
Insert into ACCUMS.TEST_MED_CLAIMS (CLAIM_ID,CLAIM_DATE,CLAIM_AMOUNT,MEMBER_ID) values (-250,to_date('22-OCT-19','DD-MON-RR'),2666.76,-29);
Insert into ACCUMS.TEST_MED_CLAIMS (CLAIM_ID,CLAIM_DATE,CLAIM_AMOUNT,MEMBER_ID) values (-252,to_date('25-DEC-19','DD-MON-RR'),4002.68,-35);
Insert into ACCUMS.TEST_MED_CLAIMS (CLAIM_ID,CLAIM_DATE,CLAIM_AMOUNT,MEMBER_ID) values (-254,to_date('05-DEC-19','DD-MON-RR'),2527.92,-45);
Insert into ACCUMS.TEST_MED_CLAIMS (CLAIM_ID,CLAIM_DATE,CLAIM_AMOUNT,MEMBER_ID) values (-256,to_date('01-DEC-19','DD-MON-RR'),4459.01,-47);
Insert into ACCUMS.TEST_MED_CLAIMS (CLAIM_ID,CLAIM_DATE,CLAIM_AMOUNT,MEMBER_ID) values (-258,to_date('29-DEC-19','DD-MON-RR'),3462.52,-72);
Insert into ACCUMS.TEST_MED_CLAIMS (CLAIM_ID,CLAIM_DATE,CLAIM_AMOUNT,MEMBER_ID) values (-260,to_date('13-NOV-19','DD-MON-RR'),578.61,-12);
Insert into ACCUMS.TEST_MED_CLAIMS (CLAIM_ID,CLAIM_DATE,CLAIM_AMOUNT,MEMBER_ID) values (-262,to_date('18-DEC-19','DD-MON-RR'),3006.83,-45);
Insert into ACCUMS.TEST_MED_CLAIMS (CLAIM_ID,CLAIM_DATE,CLAIM_AMOUNT,MEMBER_ID) values (-264,to_date('20-NOV-19','DD-MON-RR'),2730,-17);
Insert into ACCUMS.TEST_MED_CLAIMS (CLAIM_ID,CLAIM_DATE,CLAIM_AMOUNT,MEMBER_ID) values (-266,to_date('21-NOV-19','DD-MON-RR'),997.29,-42);
Insert into ACCUMS.TEST_MED_CLAIMS (CLAIM_ID,CLAIM_DATE,CLAIM_AMOUNT,MEMBER_ID) values (-268,to_date('13-DEC-19','DD-MON-RR'),4461.79,-19);
Insert into ACCUMS.TEST_MED_CLAIMS (CLAIM_ID,CLAIM_DATE,CLAIM_AMOUNT,MEMBER_ID) values (-270,to_date('18-OCT-19','DD-MON-RR'),3591.07,-73);
Insert into ACCUMS.TEST_MED_CLAIMS (CLAIM_ID,CLAIM_DATE,CLAIM_AMOUNT,MEMBER_ID) values (-272,to_date('11-DEC-19','DD-MON-RR'),2787.27,-9);
Insert into ACCUMS.TEST_MED_CLAIMS (CLAIM_ID,CLAIM_DATE,CLAIM_AMOUNT,MEMBER_ID) values (-274,to_date('24-NOV-19','DD-MON-RR'),4449.66,-36);
Insert into ACCUMS.TEST_MED_CLAIMS (CLAIM_ID,CLAIM_DATE,CLAIM_AMOUNT,MEMBER_ID) values (-276,to_date('03-JAN-20','DD-MON-RR'),2962.61,-71);
Insert into ACCUMS.TEST_MED_CLAIMS (CLAIM_ID,CLAIM_DATE,CLAIM_AMOUNT,MEMBER_ID) values (-278,to_date('08-NOV-19','DD-MON-RR'),4181.99,-2);
Insert into ACCUMS.TEST_MED_CLAIMS (CLAIM_ID,CLAIM_DATE,CLAIM_AMOUNT,MEMBER_ID) values (-280,to_date('18-OCT-19','DD-MON-RR'),244.85,-26);
Insert into ACCUMS.TEST_MED_CLAIMS (CLAIM_ID,CLAIM_DATE,CLAIM_AMOUNT,MEMBER_ID) values (-282,to_date('07-OCT-19','DD-MON-RR'),3948.97,-9);
Insert into ACCUMS.TEST_MED_CLAIMS (CLAIM_ID,CLAIM_DATE,CLAIM_AMOUNT,MEMBER_ID) values (-284,to_date('06-NOV-19','DD-MON-RR'),4749.82,-8);
Insert into ACCUMS.TEST_MED_CLAIMS (CLAIM_ID,CLAIM_DATE,CLAIM_AMOUNT,MEMBER_ID) values (-286,to_date('26-DEC-19','DD-MON-RR'),1608.57,-39);
Insert into ACCUMS.TEST_MED_CLAIMS (CLAIM_ID,CLAIM_DATE,CLAIM_AMOUNT,MEMBER_ID) values (-288,to_date('04-DEC-19','DD-MON-RR'),2265.69,-45);
Insert into ACCUMS.TEST_MED_CLAIMS (CLAIM_ID,CLAIM_DATE,CLAIM_AMOUNT,MEMBER_ID) values (-290,to_date('12-OCT-19','DD-MON-RR'),575.54,-49);
Insert into ACCUMS.TEST_MED_CLAIMS (CLAIM_ID,CLAIM_DATE,CLAIM_AMOUNT,MEMBER_ID) values (-292,to_date('26-OCT-19','DD-MON-RR'),2025.63,-55);
Insert into ACCUMS.TEST_MED_CLAIMS (CLAIM_ID,CLAIM_DATE,CLAIM_AMOUNT,MEMBER_ID) values (-294,to_date('06-OCT-19','DD-MON-RR'),3486.98,-44);
Insert into ACCUMS.TEST_MED_CLAIMS (CLAIM_ID,CLAIM_DATE,CLAIM_AMOUNT,MEMBER_ID) values (-296,to_date('11-DEC-19','DD-MON-RR'),3741.33,-13);
Insert into ACCUMS.TEST_MED_CLAIMS (CLAIM_ID,CLAIM_DATE,CLAIM_AMOUNT,MEMBER_ID) values (-298,to_date('12-DEC-19','DD-MON-RR'),940.06,-41);
Insert into ACCUMS.TEST_MED_CLAIMS (CLAIM_ID,CLAIM_DATE,CLAIM_AMOUNT,MEMBER_ID) values (-300,to_date('15-DEC-19','DD-MON-RR'),4196.64,-72);
Insert into ACCUMS.TEST_MED_CLAIMS (CLAIM_ID,CLAIM_DATE,CLAIM_AMOUNT,MEMBER_ID) values (-302,to_date('05-JAN-20','DD-MON-RR'),1972.46,-29);
Insert into ACCUMS.TEST_MED_CLAIMS (CLAIM_ID,CLAIM_DATE,CLAIM_AMOUNT,MEMBER_ID) values (-304,to_date('03-DEC-19','DD-MON-RR'),440.81,-2);
Insert into ACCUMS.TEST_MED_CLAIMS (CLAIM_ID,CLAIM_DATE,CLAIM_AMOUNT,MEMBER_ID) values (-306,to_date('22-DEC-19','DD-MON-RR'),3209.74,-17);
Insert into ACCUMS.TEST_MED_CLAIMS (CLAIM_ID,CLAIM_DATE,CLAIM_AMOUNT,MEMBER_ID) values (-308,to_date('23-DEC-19','DD-MON-RR'),878.97,-25);
Insert into ACCUMS.TEST_MED_CLAIMS (CLAIM_ID,CLAIM_DATE,CLAIM_AMOUNT,MEMBER_ID) values (-310,to_date('06-NOV-19','DD-MON-RR'),23.45,-20);
Insert into ACCUMS.TEST_MED_CLAIMS (CLAIM_ID,CLAIM_DATE,CLAIM_AMOUNT,MEMBER_ID) values (-312,to_date('15-NOV-19','DD-MON-RR'),4953.6,-8);
Insert into ACCUMS.TEST_MED_CLAIMS (CLAIM_ID,CLAIM_DATE,CLAIM_AMOUNT,MEMBER_ID) values (-314,to_date('17-DEC-19','DD-MON-RR'),3231.03,-67);
Insert into ACCUMS.TEST_MED_CLAIMS (CLAIM_ID,CLAIM_DATE,CLAIM_AMOUNT,MEMBER_ID) values (-316,to_date('05-OCT-19','DD-MON-RR'),2297.11,-67);
Insert into ACCUMS.TEST_MED_CLAIMS (CLAIM_ID,CLAIM_DATE,CLAIM_AMOUNT,MEMBER_ID) values (-318,to_date('02-DEC-19','DD-MON-RR'),2063.51,-2);
Insert into ACCUMS.TEST_MED_CLAIMS (CLAIM_ID,CLAIM_DATE,CLAIM_AMOUNT,MEMBER_ID) values (-320,to_date('17-NOV-19','DD-MON-RR'),3352.51,-33);
Insert into ACCUMS.TEST_MED_CLAIMS (CLAIM_ID,CLAIM_DATE,CLAIM_AMOUNT,MEMBER_ID) values (-322,to_date('06-JAN-20','DD-MON-RR'),4564.94,-7);
Insert into ACCUMS.TEST_MED_CLAIMS (CLAIM_ID,CLAIM_DATE,CLAIM_AMOUNT,MEMBER_ID) values (-324,to_date('12-OCT-19','DD-MON-RR'),2048.98,-24);
Insert into ACCUMS.TEST_MED_CLAIMS (CLAIM_ID,CLAIM_DATE,CLAIM_AMOUNT,MEMBER_ID) values (-326,to_date('02-OCT-19','DD-MON-RR'),618.55,-51);
Insert into ACCUMS.TEST_MED_CLAIMS (CLAIM_ID,CLAIM_DATE,CLAIM_AMOUNT,MEMBER_ID) values (-328,to_date('19-OCT-19','DD-MON-RR'),44.88,-34);
Insert into ACCUMS.TEST_MED_CLAIMS (CLAIM_ID,CLAIM_DATE,CLAIM_AMOUNT,MEMBER_ID) values (-330,to_date('13-OCT-19','DD-MON-RR'),394.24,-53);
Insert into ACCUMS.TEST_MED_CLAIMS (CLAIM_ID,CLAIM_DATE,CLAIM_AMOUNT,MEMBER_ID) values (-332,to_date('09-NOV-19','DD-MON-RR'),1284.22,-45);
Insert into ACCUMS.TEST_MED_CLAIMS (CLAIM_ID,CLAIM_DATE,CLAIM_AMOUNT,MEMBER_ID) values (-334,to_date('27-NOV-19','DD-MON-RR'),4258.13,-70);
Insert into ACCUMS.TEST_MED_CLAIMS (CLAIM_ID,CLAIM_DATE,CLAIM_AMOUNT,MEMBER_ID) values (-336,to_date('26-OCT-19','DD-MON-RR'),1820.75,-43);
Insert into ACCUMS.TEST_MED_CLAIMS (CLAIM_ID,CLAIM_DATE,CLAIM_AMOUNT,MEMBER_ID) values (-338,to_date('09-OCT-19','DD-MON-RR'),1757.22,-55);
Insert into ACCUMS.TEST_MED_CLAIMS (CLAIM_ID,CLAIM_DATE,CLAIM_AMOUNT,MEMBER_ID) values (-340,to_date('20-OCT-19','DD-MON-RR'),4533.21,-79);
Insert into ACCUMS.TEST_MED_CLAIMS (CLAIM_ID,CLAIM_DATE,CLAIM_AMOUNT,MEMBER_ID) values (-342,to_date('06-OCT-19','DD-MON-RR'),2501.62,-54);
Insert into ACCUMS.TEST_MED_CLAIMS (CLAIM_ID,CLAIM_DATE,CLAIM_AMOUNT,MEMBER_ID) values (-344,to_date('02-DEC-19','DD-MON-RR'),2096.72,-78);
Insert into ACCUMS.TEST_MED_CLAIMS (CLAIM_ID,CLAIM_DATE,CLAIM_AMOUNT,MEMBER_ID) values (-346,to_date('03-DEC-19','DD-MON-RR'),2886.93,-30);
Insert into ACCUMS.TEST_MED_CLAIMS (CLAIM_ID,CLAIM_DATE,CLAIM_AMOUNT,MEMBER_ID) values (-348,to_date('31-OCT-19','DD-MON-RR'),4026.87,-35);
Insert into ACCUMS.TEST_MED_CLAIMS (CLAIM_ID,CLAIM_DATE,CLAIM_AMOUNT,MEMBER_ID) values (-350,to_date('15-DEC-19','DD-MON-RR'),2109.7,-14);
Insert into ACCUMS.TEST_MED_CLAIMS (CLAIM_ID,CLAIM_DATE,CLAIM_AMOUNT,MEMBER_ID) values (-352,to_date('15-OCT-19','DD-MON-RR'),1898.21,-29);
Insert into ACCUMS.TEST_MED_CLAIMS (CLAIM_ID,CLAIM_DATE,CLAIM_AMOUNT,MEMBER_ID) values (-354,to_date('05-NOV-19','DD-MON-RR'),684.05,-63);
Insert into ACCUMS.TEST_MED_CLAIMS (CLAIM_ID,CLAIM_DATE,CLAIM_AMOUNT,MEMBER_ID) values (-356,to_date('22-DEC-19','DD-MON-RR'),1438.16,-74);
Insert into ACCUMS.TEST_MED_CLAIMS (CLAIM_ID,CLAIM_DATE,CLAIM_AMOUNT,MEMBER_ID) values (-358,to_date('12-DEC-19','DD-MON-RR'),2547.51,-57);
Insert into ACCUMS.TEST_MED_CLAIMS (CLAIM_ID,CLAIM_DATE,CLAIM_AMOUNT,MEMBER_ID) values (-360,to_date('24-OCT-19','DD-MON-RR'),997.27,-74);
Insert into ACCUMS.TEST_MED_CLAIMS (CLAIM_ID,CLAIM_DATE,CLAIM_AMOUNT,MEMBER_ID) values (-362,to_date('02-JAN-20','DD-MON-RR'),1231.98,-64);
Insert into ACCUMS.TEST_MED_CLAIMS (CLAIM_ID,CLAIM_DATE,CLAIM_AMOUNT,MEMBER_ID) values (-364,to_date('15-DEC-19','DD-MON-RR'),75.61,-57);
Insert into ACCUMS.TEST_MED_CLAIMS (CLAIM_ID,CLAIM_DATE,CLAIM_AMOUNT,MEMBER_ID) values (-366,to_date('29-OCT-19','DD-MON-RR'),4380.15,-8);
Insert into ACCUMS.TEST_MED_CLAIMS (CLAIM_ID,CLAIM_DATE,CLAIM_AMOUNT,MEMBER_ID) values (-368,to_date('27-DEC-19','DD-MON-RR'),2624.79,-75);
Insert into ACCUMS.TEST_MED_CLAIMS (CLAIM_ID,CLAIM_DATE,CLAIM_AMOUNT,MEMBER_ID) values (-370,to_date('22-OCT-19','DD-MON-RR'),3209.04,-47);
Insert into ACCUMS.TEST_MED_CLAIMS (CLAIM_ID,CLAIM_DATE,CLAIM_AMOUNT,MEMBER_ID) values (-372,to_date('10-DEC-19','DD-MON-RR'),3590.41,-31);
Insert into ACCUMS.TEST_MED_CLAIMS (CLAIM_ID,CLAIM_DATE,CLAIM_AMOUNT,MEMBER_ID) values (-374,to_date('21-OCT-19','DD-MON-RR'),2121.53,-25);
Insert into ACCUMS.TEST_MED_CLAIMS (CLAIM_ID,CLAIM_DATE,CLAIM_AMOUNT,MEMBER_ID) values (-376,to_date('18-OCT-19','DD-MON-RR'),4993.99,-31);
Insert into ACCUMS.TEST_MED_CLAIMS (CLAIM_ID,CLAIM_DATE,CLAIM_AMOUNT,MEMBER_ID) values (-378,to_date('03-OCT-19','DD-MON-RR'),4494.76,-58);
Insert into ACCUMS.TEST_MED_CLAIMS (CLAIM_ID,CLAIM_DATE,CLAIM_AMOUNT,MEMBER_ID) values (-380,to_date('05-DEC-19','DD-MON-RR'),4309.28,-71);
Insert into ACCUMS.TEST_MED_CLAIMS (CLAIM_ID,CLAIM_DATE,CLAIM_AMOUNT,MEMBER_ID) values (-382,to_date('12-NOV-19','DD-MON-RR'),2721.56,-59);
Insert into ACCUMS.TEST_MED_CLAIMS (CLAIM_ID,CLAIM_DATE,CLAIM_AMOUNT,MEMBER_ID) values (-384,to_date('14-DEC-19','DD-MON-RR'),2636.97,-25);
Insert into ACCUMS.TEST_MED_CLAIMS (CLAIM_ID,CLAIM_DATE,CLAIM_AMOUNT,MEMBER_ID) values (-386,to_date('09-DEC-19','DD-MON-RR'),4765.83,-42);
Insert into ACCUMS.TEST_MED_CLAIMS (CLAIM_ID,CLAIM_DATE,CLAIM_AMOUNT,MEMBER_ID) values (-388,to_date('19-DEC-19','DD-MON-RR'),3898.69,-44);
Insert into ACCUMS.TEST_MED_CLAIMS (CLAIM_ID,CLAIM_DATE,CLAIM_AMOUNT,MEMBER_ID) values (-390,to_date('28-OCT-19','DD-MON-RR'),3210.08,-47);
Insert into ACCUMS.TEST_MED_CLAIMS (CLAIM_ID,CLAIM_DATE,CLAIM_AMOUNT,MEMBER_ID) values (-392,to_date('10-NOV-19','DD-MON-RR'),1916.22,-78);
Insert into ACCUMS.TEST_MED_CLAIMS (CLAIM_ID,CLAIM_DATE,CLAIM_AMOUNT,MEMBER_ID) values (-394,to_date('16-NOV-19','DD-MON-RR'),433.17,-43);
Insert into ACCUMS.TEST_MED_CLAIMS (CLAIM_ID,CLAIM_DATE,CLAIM_AMOUNT,MEMBER_ID) values (-396,to_date('01-JAN-20','DD-MON-RR'),1463.5,-68);
Insert into ACCUMS.TEST_MED_CLAIMS (CLAIM_ID,CLAIM_DATE,CLAIM_AMOUNT,MEMBER_ID) values (-398,to_date('27-DEC-19','DD-MON-RR'),2748.52,-52);
Insert into ACCUMS.TEST_MED_CLAIMS (CLAIM_ID,CLAIM_DATE,CLAIM_AMOUNT,MEMBER_ID) values (-400,to_date('22-NOV-19','DD-MON-RR'),1554.41,-16);
Insert into ACCUMS.TEST_MED_CLAIMS (CLAIM_ID,CLAIM_DATE,CLAIM_AMOUNT,MEMBER_ID) values (-402,to_date('27-OCT-19','DD-MON-RR'),4267.26,-73);
Insert into ACCUMS.TEST_MED_CLAIMS (CLAIM_ID,CLAIM_DATE,CLAIM_AMOUNT,MEMBER_ID) values (-404,to_date('15-NOV-19','DD-MON-RR'),4227.43,-4);
Insert into ACCUMS.TEST_MED_CLAIMS (CLAIM_ID,CLAIM_DATE,CLAIM_AMOUNT,MEMBER_ID) values (-406,to_date('17-NOV-19','DD-MON-RR'),1403.85,-7);
Insert into ACCUMS.TEST_MED_CLAIMS (CLAIM_ID,CLAIM_DATE,CLAIM_AMOUNT,MEMBER_ID) values (-408,to_date('24-NOV-19','DD-MON-RR'),4278.69,-16);
Insert into ACCUMS.TEST_MED_CLAIMS (CLAIM_ID,CLAIM_DATE,CLAIM_AMOUNT,MEMBER_ID) values (-410,to_date('23-DEC-19','DD-MON-RR'),359.98,-56);
Insert into ACCUMS.TEST_MED_CLAIMS (CLAIM_ID,CLAIM_DATE,CLAIM_AMOUNT,MEMBER_ID) values (-412,to_date('06-NOV-19','DD-MON-RR'),1390.23,-75);
Insert into ACCUMS.TEST_MED_CLAIMS (CLAIM_ID,CLAIM_DATE,CLAIM_AMOUNT,MEMBER_ID) values (-414,to_date('18-NOV-19','DD-MON-RR'),3098.45,-12);
Insert into ACCUMS.TEST_MED_CLAIMS (CLAIM_ID,CLAIM_DATE,CLAIM_AMOUNT,MEMBER_ID) values (-416,to_date('13-DEC-19','DD-MON-RR'),3283.81,-67);
Insert into ACCUMS.TEST_MED_CLAIMS (CLAIM_ID,CLAIM_DATE,CLAIM_AMOUNT,MEMBER_ID) values (-418,to_date('06-JAN-20','DD-MON-RR'),4647.15,-14);
Insert into ACCUMS.TEST_MED_CLAIMS (CLAIM_ID,CLAIM_DATE,CLAIM_AMOUNT,MEMBER_ID) values (-420,to_date('06-DEC-19','DD-MON-RR'),4543.39,-74);
Insert into ACCUMS.TEST_MED_CLAIMS (CLAIM_ID,CLAIM_DATE,CLAIM_AMOUNT,MEMBER_ID) values (-422,to_date('16-OCT-19','DD-MON-RR'),952.13,-11);
Insert into ACCUMS.TEST_MED_CLAIMS (CLAIM_ID,CLAIM_DATE,CLAIM_AMOUNT,MEMBER_ID) values (-424,to_date('19-NOV-19','DD-MON-RR'),279.92,-72);
Insert into ACCUMS.TEST_MED_CLAIMS (CLAIM_ID,CLAIM_DATE,CLAIM_AMOUNT,MEMBER_ID) values (-426,to_date('23-NOV-19','DD-MON-RR'),3601.05,-41);
Insert into ACCUMS.TEST_MED_CLAIMS (CLAIM_ID,CLAIM_DATE,CLAIM_AMOUNT,MEMBER_ID) values (-428,to_date('14-OCT-19','DD-MON-RR'),960.94,-1);
Insert into ACCUMS.TEST_MED_CLAIMS (CLAIM_ID,CLAIM_DATE,CLAIM_AMOUNT,MEMBER_ID) values (-430,to_date('22-DEC-19','DD-MON-RR'),4906.92,-16);
Insert into ACCUMS.TEST_MED_CLAIMS (CLAIM_ID,CLAIM_DATE,CLAIM_AMOUNT,MEMBER_ID) values (-432,to_date('29-NOV-19','DD-MON-RR'),1847.96,-65);
Insert into ACCUMS.TEST_MED_CLAIMS (CLAIM_ID,CLAIM_DATE,CLAIM_AMOUNT,MEMBER_ID) values (-434,to_date('27-DEC-19','DD-MON-RR'),3879.3,-57);
Insert into ACCUMS.TEST_MED_CLAIMS (CLAIM_ID,CLAIM_DATE,CLAIM_AMOUNT,MEMBER_ID) values (-436,to_date('31-DEC-19','DD-MON-RR'),2471.82,-52);
Insert into ACCUMS.TEST_MED_CLAIMS (CLAIM_ID,CLAIM_DATE,CLAIM_AMOUNT,MEMBER_ID) values (-438,to_date('11-NOV-19','DD-MON-RR'),1046.14,-9);
Insert into ACCUMS.TEST_MED_CLAIMS (CLAIM_ID,CLAIM_DATE,CLAIM_AMOUNT,MEMBER_ID) values (-440,to_date('04-NOV-19','DD-MON-RR'),110.23,-15);
Insert into ACCUMS.TEST_MED_CLAIMS (CLAIM_ID,CLAIM_DATE,CLAIM_AMOUNT,MEMBER_ID) values (-442,to_date('06-DEC-19','DD-MON-RR'),4600.62,-35);
Insert into ACCUMS.TEST_MED_CLAIMS (CLAIM_ID,CLAIM_DATE,CLAIM_AMOUNT,MEMBER_ID) values (-444,to_date('07-NOV-19','DD-MON-RR'),2989.64,-40);
Insert into ACCUMS.TEST_MED_CLAIMS (CLAIM_ID,CLAIM_DATE,CLAIM_AMOUNT,MEMBER_ID) values (-446,to_date('07-NOV-19','DD-MON-RR'),4755.43,-55);
Insert into ACCUMS.TEST_MED_CLAIMS (CLAIM_ID,CLAIM_DATE,CLAIM_AMOUNT,MEMBER_ID) values (-448,to_date('05-DEC-19','DD-MON-RR'),3812.2,-16);
Insert into ACCUMS.TEST_MED_CLAIMS (CLAIM_ID,CLAIM_DATE,CLAIM_AMOUNT,MEMBER_ID) values (-450,to_date('06-DEC-19','DD-MON-RR'),353.52,-32);
Insert into ACCUMS.TEST_MED_CLAIMS (CLAIM_ID,CLAIM_DATE,CLAIM_AMOUNT,MEMBER_ID) values (-452,to_date('09-DEC-19','DD-MON-RR'),2312.91,-56);
Insert into ACCUMS.TEST_MED_CLAIMS (CLAIM_ID,CLAIM_DATE,CLAIM_AMOUNT,MEMBER_ID) values (-454,to_date('13-DEC-19','DD-MON-RR'),3559.82,-8);
Insert into ACCUMS.TEST_MED_CLAIMS (CLAIM_ID,CLAIM_DATE,CLAIM_AMOUNT,MEMBER_ID) values (-456,to_date('07-DEC-19','DD-MON-RR'),1075.36,-14);
Insert into ACCUMS.TEST_MED_CLAIMS (CLAIM_ID,CLAIM_DATE,CLAIM_AMOUNT,MEMBER_ID) values (-458,to_date('13-OCT-19','DD-MON-RR'),64.94,-63);
Insert into ACCUMS.TEST_MED_CLAIMS (CLAIM_ID,CLAIM_DATE,CLAIM_AMOUNT,MEMBER_ID) values (-460,to_date('05-JAN-20','DD-MON-RR'),3334.03,-79);
Insert into ACCUMS.TEST_MED_CLAIMS (CLAIM_ID,CLAIM_DATE,CLAIM_AMOUNT,MEMBER_ID) values (-462,to_date('14-OCT-19','DD-MON-RR'),4715.9,-6);
Insert into ACCUMS.TEST_MED_CLAIMS (CLAIM_ID,CLAIM_DATE,CLAIM_AMOUNT,MEMBER_ID) values (-464,to_date('14-DEC-19','DD-MON-RR'),4441.52,-53);
Insert into ACCUMS.TEST_MED_CLAIMS (CLAIM_ID,CLAIM_DATE,CLAIM_AMOUNT,MEMBER_ID) values (-466,to_date('31-DEC-19','DD-MON-RR'),3401.24,-78);
Insert into ACCUMS.TEST_MED_CLAIMS (CLAIM_ID,CLAIM_DATE,CLAIM_AMOUNT,MEMBER_ID) values (-468,to_date('19-NOV-19','DD-MON-RR'),1101.77,-8);
Insert into ACCUMS.TEST_MED_CLAIMS (CLAIM_ID,CLAIM_DATE,CLAIM_AMOUNT,MEMBER_ID) values (-470,to_date('05-DEC-19','DD-MON-RR'),1717.89,-11);
Insert into ACCUMS.TEST_MED_CLAIMS (CLAIM_ID,CLAIM_DATE,CLAIM_AMOUNT,MEMBER_ID) values (-472,to_date('26-NOV-19','DD-MON-RR'),665.36,-53);
Insert into ACCUMS.TEST_MED_CLAIMS (CLAIM_ID,CLAIM_DATE,CLAIM_AMOUNT,MEMBER_ID) values (-474,to_date('05-DEC-19','DD-MON-RR'),2917.3,-9);
Insert into ACCUMS.TEST_MED_CLAIMS (CLAIM_ID,CLAIM_DATE,CLAIM_AMOUNT,MEMBER_ID) values (-476,to_date('25-NOV-19','DD-MON-RR'),4854.73,-56);
Insert into ACCUMS.TEST_MED_CLAIMS (CLAIM_ID,CLAIM_DATE,CLAIM_AMOUNT,MEMBER_ID) values (-478,to_date('08-JAN-20','DD-MON-RR'),2708.94,-71);
Insert into ACCUMS.TEST_MED_CLAIMS (CLAIM_ID,CLAIM_DATE,CLAIM_AMOUNT,MEMBER_ID) values (-480,to_date('18-DEC-19','DD-MON-RR'),1117.44,-24);
Insert into ACCUMS.TEST_MED_CLAIMS (CLAIM_ID,CLAIM_DATE,CLAIM_AMOUNT,MEMBER_ID) values (-482,to_date('07-DEC-19','DD-MON-RR'),3467.63,-3);
Insert into ACCUMS.TEST_MED_CLAIMS (CLAIM_ID,CLAIM_DATE,CLAIM_AMOUNT,MEMBER_ID) values (-484,to_date('30-OCT-19','DD-MON-RR'),2142.06,-22);
Insert into ACCUMS.TEST_MED_CLAIMS (CLAIM_ID,CLAIM_DATE,CLAIM_AMOUNT,MEMBER_ID) values (-486,to_date('27-OCT-19','DD-MON-RR'),4779.49,-16);
Insert into ACCUMS.TEST_MED_CLAIMS (CLAIM_ID,CLAIM_DATE,CLAIM_AMOUNT,MEMBER_ID) values (-488,to_date('17-OCT-19','DD-MON-RR'),1785.19,-71);
Insert into ACCUMS.TEST_MED_CLAIMS (CLAIM_ID,CLAIM_DATE,CLAIM_AMOUNT,MEMBER_ID) values (-490,to_date('23-DEC-19','DD-MON-RR'),3250.27,-29);
Insert into ACCUMS.TEST_MED_CLAIMS (CLAIM_ID,CLAIM_DATE,CLAIM_AMOUNT,MEMBER_ID) values (-492,to_date('12-NOV-19','DD-MON-RR'),3349.19,-23);
Insert into ACCUMS.TEST_MED_CLAIMS (CLAIM_ID,CLAIM_DATE,CLAIM_AMOUNT,MEMBER_ID) values (-494,to_date('19-NOV-19','DD-MON-RR'),780.8,-33);
Insert into ACCUMS.TEST_MED_CLAIMS (CLAIM_ID,CLAIM_DATE,CLAIM_AMOUNT,MEMBER_ID) values (-496,to_date('09-DEC-19','DD-MON-RR'),3737.17,-40);
Insert into ACCUMS.TEST_MED_CLAIMS (CLAIM_ID,CLAIM_DATE,CLAIM_AMOUNT,MEMBER_ID) values (-498,to_date('30-DEC-19','DD-MON-RR'),257.1,-47);
Insert into ACCUMS.TEST_MED_CLAIMS (CLAIM_ID,CLAIM_DATE,CLAIM_AMOUNT,MEMBER_ID) values (-500,to_date('13-DEC-19','DD-MON-RR'),2463.42,-28);
Insert into ACCUMS.TEST_MED_CLAIMS (CLAIM_ID,CLAIM_DATE,CLAIM_AMOUNT,MEMBER_ID) values (-502,to_date('05-DEC-19','DD-MON-RR'),1463.91,-9);
Insert into ACCUMS.TEST_MED_CLAIMS (CLAIM_ID,CLAIM_DATE,CLAIM_AMOUNT,MEMBER_ID) values (-504,to_date('26-DEC-19','DD-MON-RR'),1249.47,-10);
Insert into ACCUMS.TEST_MED_CLAIMS (CLAIM_ID,CLAIM_DATE,CLAIM_AMOUNT,MEMBER_ID) values (-506,to_date('07-OCT-19','DD-MON-RR'),755.03,-9);
Insert into ACCUMS.TEST_MED_CLAIMS (CLAIM_ID,CLAIM_DATE,CLAIM_AMOUNT,MEMBER_ID) values (-508,to_date('14-OCT-19','DD-MON-RR'),1295.9,-56);
Insert into ACCUMS.TEST_MED_CLAIMS (CLAIM_ID,CLAIM_DATE,CLAIM_AMOUNT,MEMBER_ID) values (-510,to_date('16-OCT-19','DD-MON-RR'),4234,-14);
Insert into ACCUMS.TEST_MED_CLAIMS (CLAIM_ID,CLAIM_DATE,CLAIM_AMOUNT,MEMBER_ID) values (-512,to_date('24-OCT-19','DD-MON-RR'),4284.93,-36);
Insert into ACCUMS.TEST_MED_CLAIMS (CLAIM_ID,CLAIM_DATE,CLAIM_AMOUNT,MEMBER_ID) values (-514,to_date('19-DEC-19','DD-MON-RR'),2234.54,-80);
Insert into ACCUMS.TEST_MED_CLAIMS (CLAIM_ID,CLAIM_DATE,CLAIM_AMOUNT,MEMBER_ID) values (-516,to_date('30-OCT-19','DD-MON-RR'),172.28,-17);
Insert into ACCUMS.TEST_MED_CLAIMS (CLAIM_ID,CLAIM_DATE,CLAIM_AMOUNT,MEMBER_ID) values (-518,to_date('15-DEC-19','DD-MON-RR'),696.5,-60);
Insert into ACCUMS.TEST_MED_CLAIMS (CLAIM_ID,CLAIM_DATE,CLAIM_AMOUNT,MEMBER_ID) values (-520,to_date('19-OCT-19','DD-MON-RR'),1022.79,-12);
Insert into ACCUMS.TEST_MED_CLAIMS (CLAIM_ID,CLAIM_DATE,CLAIM_AMOUNT,MEMBER_ID) values (-522,to_date('29-OCT-19','DD-MON-RR'),4524.2,-9);
Insert into ACCUMS.TEST_MED_CLAIMS (CLAIM_ID,CLAIM_DATE,CLAIM_AMOUNT,MEMBER_ID) values (-524,to_date('19-OCT-19','DD-MON-RR'),721.02,-48);
Insert into ACCUMS.TEST_MED_CLAIMS (CLAIM_ID,CLAIM_DATE,CLAIM_AMOUNT,MEMBER_ID) values (-526,to_date('20-DEC-19','DD-MON-RR'),2920.95,-24);
Insert into ACCUMS.TEST_MED_CLAIMS (CLAIM_ID,CLAIM_DATE,CLAIM_AMOUNT,MEMBER_ID) values (-528,to_date('16-OCT-19','DD-MON-RR'),522.87,-79);
Insert into ACCUMS.TEST_MED_CLAIMS (CLAIM_ID,CLAIM_DATE,CLAIM_AMOUNT,MEMBER_ID) values (-530,to_date('24-OCT-19','DD-MON-RR'),2947.8,-6);
Insert into ACCUMS.TEST_MED_CLAIMS (CLAIM_ID,CLAIM_DATE,CLAIM_AMOUNT,MEMBER_ID) values (-532,to_date('26-OCT-19','DD-MON-RR'),4585.89,-29);
Insert into ACCUMS.TEST_MED_CLAIMS (CLAIM_ID,CLAIM_DATE,CLAIM_AMOUNT,MEMBER_ID) values (-534,to_date('20-OCT-19','DD-MON-RR'),2672.96,-15);
Insert into ACCUMS.TEST_MED_CLAIMS (CLAIM_ID,CLAIM_DATE,CLAIM_AMOUNT,MEMBER_ID) values (-536,to_date('02-JAN-20','DD-MON-RR'),2217.25,-58);
Insert into ACCUMS.TEST_MED_CLAIMS (CLAIM_ID,CLAIM_DATE,CLAIM_AMOUNT,MEMBER_ID) values (-538,to_date('04-JAN-20','DD-MON-RR'),3340.52,-25);
Insert into ACCUMS.TEST_MED_CLAIMS (CLAIM_ID,CLAIM_DATE,CLAIM_AMOUNT,MEMBER_ID) values (-540,to_date('18-NOV-19','DD-MON-RR'),2450.36,-40);
Insert into ACCUMS.TEST_MED_CLAIMS (CLAIM_ID,CLAIM_DATE,CLAIM_AMOUNT,MEMBER_ID) values (-542,to_date('13-OCT-19','DD-MON-RR'),2898.91,-6);
Insert into ACCUMS.TEST_MED_CLAIMS (CLAIM_ID,CLAIM_DATE,CLAIM_AMOUNT,MEMBER_ID) values (-544,to_date('18-NOV-19','DD-MON-RR'),33.5,-10);
Insert into ACCUMS.TEST_MED_CLAIMS (CLAIM_ID,CLAIM_DATE,CLAIM_AMOUNT,MEMBER_ID) values (-546,to_date('18-DEC-19','DD-MON-RR'),4550.95,-44);
Insert into ACCUMS.TEST_MED_CLAIMS (CLAIM_ID,CLAIM_DATE,CLAIM_AMOUNT,MEMBER_ID) values (-548,to_date('26-OCT-19','DD-MON-RR'),4076.47,-21);
Insert into ACCUMS.TEST_MED_CLAIMS (CLAIM_ID,CLAIM_DATE,CLAIM_AMOUNT,MEMBER_ID) values (-550,to_date('22-NOV-19','DD-MON-RR'),1380.46,-33);
Insert into ACCUMS.TEST_MED_CLAIMS (CLAIM_ID,CLAIM_DATE,CLAIM_AMOUNT,MEMBER_ID) values (-552,to_date('10-NOV-19','DD-MON-RR'),3501.02,-10);
Insert into ACCUMS.TEST_MED_CLAIMS (CLAIM_ID,CLAIM_DATE,CLAIM_AMOUNT,MEMBER_ID) values (-554,to_date('30-OCT-19','DD-MON-RR'),2907.52,-37);
Insert into ACCUMS.TEST_MED_CLAIMS (CLAIM_ID,CLAIM_DATE,CLAIM_AMOUNT,MEMBER_ID) values (-556,to_date('06-DEC-19','DD-MON-RR'),1279.47,-47);
Insert into ACCUMS.TEST_MED_CLAIMS (CLAIM_ID,CLAIM_DATE,CLAIM_AMOUNT,MEMBER_ID) values (-558,to_date('26-NOV-19','DD-MON-RR'),1365.29,-25);
Insert into ACCUMS.TEST_MED_CLAIMS (CLAIM_ID,CLAIM_DATE,CLAIM_AMOUNT,MEMBER_ID) values (-560,to_date('23-OCT-19','DD-MON-RR'),1853.77,-69);
Insert into ACCUMS.TEST_MED_CLAIMS (CLAIM_ID,CLAIM_DATE,CLAIM_AMOUNT,MEMBER_ID) values (-562,to_date('22-NOV-19','DD-MON-RR'),602.8,-57);
Insert into ACCUMS.TEST_MED_CLAIMS (CLAIM_ID,CLAIM_DATE,CLAIM_AMOUNT,MEMBER_ID) values (-684,to_date('03-NOV-19','DD-MON-RR'),3098.02,-18);
Insert into ACCUMS.TEST_MED_CLAIMS (CLAIM_ID,CLAIM_DATE,CLAIM_AMOUNT,MEMBER_ID) values (-686,to_date('18-OCT-19','DD-MON-RR'),3269.3,-18);
Insert into ACCUMS.TEST_MED_CLAIMS (CLAIM_ID,CLAIM_DATE,CLAIM_AMOUNT,MEMBER_ID) values (-688,to_date('22-OCT-19','DD-MON-RR'),3955.8,-26);
Insert into ACCUMS.TEST_MED_CLAIMS (CLAIM_ID,CLAIM_DATE,CLAIM_AMOUNT,MEMBER_ID) values (-690,to_date('28-DEC-19','DD-MON-RR'),3031.01,-37);
Insert into ACCUMS.TEST_MED_CLAIMS (CLAIM_ID,CLAIM_DATE,CLAIM_AMOUNT,MEMBER_ID) values (-692,to_date('29-OCT-19','DD-MON-RR'),674.19,-62);
Insert into ACCUMS.TEST_MED_CLAIMS (CLAIM_ID,CLAIM_DATE,CLAIM_AMOUNT,MEMBER_ID) values (-694,to_date('01-DEC-19','DD-MON-RR'),3185.11,-53);
Insert into ACCUMS.TEST_MED_CLAIMS (CLAIM_ID,CLAIM_DATE,CLAIM_AMOUNT,MEMBER_ID) values (-696,to_date('10-NOV-19','DD-MON-RR'),2803.79,-49);
Insert into ACCUMS.TEST_MED_CLAIMS (CLAIM_ID,CLAIM_DATE,CLAIM_AMOUNT,MEMBER_ID) values (-698,to_date('08-NOV-19','DD-MON-RR'),2935.61,-1);
Insert into ACCUMS.TEST_MED_CLAIMS (CLAIM_ID,CLAIM_DATE,CLAIM_AMOUNT,MEMBER_ID) values (-700,to_date('24-OCT-19','DD-MON-RR'),4578.97,-70);
Insert into ACCUMS.TEST_MED_CLAIMS (CLAIM_ID,CLAIM_DATE,CLAIM_AMOUNT,MEMBER_ID) values (-702,to_date('28-OCT-19','DD-MON-RR'),1953.62,-61);
Insert into ACCUMS.TEST_MED_CLAIMS (CLAIM_ID,CLAIM_DATE,CLAIM_AMOUNT,MEMBER_ID) values (-704,to_date('07-NOV-19','DD-MON-RR'),1058.57,-24);
Insert into ACCUMS.TEST_MED_CLAIMS (CLAIM_ID,CLAIM_DATE,CLAIM_AMOUNT,MEMBER_ID) values (-706,to_date('01-JAN-20','DD-MON-RR'),1958.89,-29);
Insert into ACCUMS.TEST_MED_CLAIMS (CLAIM_ID,CLAIM_DATE,CLAIM_AMOUNT,MEMBER_ID) values (-708,to_date('05-JAN-20','DD-MON-RR'),3666.81,-16);
Insert into ACCUMS.TEST_MED_CLAIMS (CLAIM_ID,CLAIM_DATE,CLAIM_AMOUNT,MEMBER_ID) values (-710,to_date('09-NOV-19','DD-MON-RR'),2451.52,-5);
Insert into ACCUMS.TEST_MED_CLAIMS (CLAIM_ID,CLAIM_DATE,CLAIM_AMOUNT,MEMBER_ID) values (-712,to_date('08-JAN-20','DD-MON-RR'),559.11,-3);
Insert into ACCUMS.TEST_MED_CLAIMS (CLAIM_ID,CLAIM_DATE,CLAIM_AMOUNT,MEMBER_ID) values (-714,to_date('30-DEC-19','DD-MON-RR'),1146.82,-62);
Insert into ACCUMS.TEST_MED_CLAIMS (CLAIM_ID,CLAIM_DATE,CLAIM_AMOUNT,MEMBER_ID) values (-716,to_date('02-NOV-19','DD-MON-RR'),3488.06,-78);
Insert into ACCUMS.TEST_MED_CLAIMS (CLAIM_ID,CLAIM_DATE,CLAIM_AMOUNT,MEMBER_ID) values (-718,to_date('14-NOV-19','DD-MON-RR'),4001.59,-52);
Insert into ACCUMS.TEST_MED_CLAIMS (CLAIM_ID,CLAIM_DATE,CLAIM_AMOUNT,MEMBER_ID) values (-720,to_date('30-DEC-19','DD-MON-RR'),1663.78,-71);
Insert into ACCUMS.TEST_MED_CLAIMS (CLAIM_ID,CLAIM_DATE,CLAIM_AMOUNT,MEMBER_ID) values (-722,to_date('27-NOV-19','DD-MON-RR'),3144.35,-27);
Insert into ACCUMS.TEST_MED_CLAIMS (CLAIM_ID,CLAIM_DATE,CLAIM_AMOUNT,MEMBER_ID) values (-724,to_date('13-DEC-19','DD-MON-RR'),876.86,-50);
Insert into ACCUMS.TEST_MED_CLAIMS (CLAIM_ID,CLAIM_DATE,CLAIM_AMOUNT,MEMBER_ID) values (-726,to_date('05-JAN-20','DD-MON-RR'),3537.78,-35);
Insert into ACCUMS.TEST_MED_CLAIMS (CLAIM_ID,CLAIM_DATE,CLAIM_AMOUNT,MEMBER_ID) values (-728,to_date('28-DEC-19','DD-MON-RR'),836.54,-24);
Insert into ACCUMS.TEST_MED_CLAIMS (CLAIM_ID,CLAIM_DATE,CLAIM_AMOUNT,MEMBER_ID) values (-730,to_date('03-JAN-20','DD-MON-RR'),475.24,-36);
Insert into ACCUMS.TEST_MED_CLAIMS (CLAIM_ID,CLAIM_DATE,CLAIM_AMOUNT,MEMBER_ID) values (-732,to_date('13-DEC-19','DD-MON-RR'),2650.36,-69);
Insert into ACCUMS.TEST_MED_CLAIMS (CLAIM_ID,CLAIM_DATE,CLAIM_AMOUNT,MEMBER_ID) values (-734,to_date('21-DEC-19','DD-MON-RR'),4718.44,-70);
Insert into ACCUMS.TEST_MED_CLAIMS (CLAIM_ID,CLAIM_DATE,CLAIM_AMOUNT,MEMBER_ID) values (-736,to_date('06-JAN-20','DD-MON-RR'),2972.64,-41);
Insert into ACCUMS.TEST_MED_CLAIMS (CLAIM_ID,CLAIM_DATE,CLAIM_AMOUNT,MEMBER_ID) values (-738,to_date('09-DEC-19','DD-MON-RR'),1052.02,-40);
Insert into ACCUMS.TEST_MED_CLAIMS (CLAIM_ID,CLAIM_DATE,CLAIM_AMOUNT,MEMBER_ID) values (-740,to_date('02-NOV-19','DD-MON-RR'),2441.66,-58);
Insert into ACCUMS.TEST_MED_CLAIMS (CLAIM_ID,CLAIM_DATE,CLAIM_AMOUNT,MEMBER_ID) values (-742,to_date('18-DEC-19','DD-MON-RR'),2686.63,-57);
Insert into ACCUMS.TEST_MED_CLAIMS (CLAIM_ID,CLAIM_DATE,CLAIM_AMOUNT,MEMBER_ID) values (-744,to_date('29-DEC-19','DD-MON-RR'),1103.16,-52);
Insert into ACCUMS.TEST_MED_CLAIMS (CLAIM_ID,CLAIM_DATE,CLAIM_AMOUNT,MEMBER_ID) values (-746,to_date('12-DEC-19','DD-MON-RR'),701.64,-61);
Insert into ACCUMS.TEST_MED_CLAIMS (CLAIM_ID,CLAIM_DATE,CLAIM_AMOUNT,MEMBER_ID) values (-748,to_date('27-OCT-19','DD-MON-RR'),1835.07,-25);
Insert into ACCUMS.TEST_MED_CLAIMS (CLAIM_ID,CLAIM_DATE,CLAIM_AMOUNT,MEMBER_ID) values (-750,to_date('28-OCT-19','DD-MON-RR'),4774.26,-2);
Insert into ACCUMS.TEST_MED_CLAIMS (CLAIM_ID,CLAIM_DATE,CLAIM_AMOUNT,MEMBER_ID) values (-752,to_date('17-NOV-19','DD-MON-RR'),2042.61,-39);
Insert into ACCUMS.TEST_MED_CLAIMS (CLAIM_ID,CLAIM_DATE,CLAIM_AMOUNT,MEMBER_ID) values (-754,to_date('07-DEC-19','DD-MON-RR'),649.92,-65);
Insert into ACCUMS.TEST_MED_CLAIMS (CLAIM_ID,CLAIM_DATE,CLAIM_AMOUNT,MEMBER_ID) values (-756,to_date('27-NOV-19','DD-MON-RR'),2953.24,-29);
Insert into ACCUMS.TEST_MED_CLAIMS (CLAIM_ID,CLAIM_DATE,CLAIM_AMOUNT,MEMBER_ID) values (-758,to_date('07-DEC-19','DD-MON-RR'),2119.75,-69);
Insert into ACCUMS.TEST_MED_CLAIMS (CLAIM_ID,CLAIM_DATE,CLAIM_AMOUNT,MEMBER_ID) values (-760,to_date('19-DEC-19','DD-MON-RR'),4773.76,-40);
Insert into ACCUMS.TEST_MED_CLAIMS (CLAIM_ID,CLAIM_DATE,CLAIM_AMOUNT,MEMBER_ID) values (-762,to_date('20-NOV-19','DD-MON-RR'),3180.06,-51);
Insert into ACCUMS.TEST_MED_CLAIMS (CLAIM_ID,CLAIM_DATE,CLAIM_AMOUNT,MEMBER_ID) values (-764,to_date('03-OCT-19','DD-MON-RR'),3054.92,-22);
Insert into ACCUMS.TEST_MED_CLAIMS (CLAIM_ID,CLAIM_DATE,CLAIM_AMOUNT,MEMBER_ID) values (-766,to_date('04-OCT-19','DD-MON-RR'),821.39,-77);
Insert into ACCUMS.TEST_MED_CLAIMS (CLAIM_ID,CLAIM_DATE,CLAIM_AMOUNT,MEMBER_ID) values (-768,to_date('01-OCT-19','DD-MON-RR'),304.33,-31);
Insert into ACCUMS.TEST_MED_CLAIMS (CLAIM_ID,CLAIM_DATE,CLAIM_AMOUNT,MEMBER_ID) values (-770,to_date('26-OCT-19','DD-MON-RR'),3669.63,-30);
Insert into ACCUMS.TEST_MED_CLAIMS (CLAIM_ID,CLAIM_DATE,CLAIM_AMOUNT,MEMBER_ID) values (-772,to_date('23-OCT-19','DD-MON-RR'),4147.37,-61);
Insert into ACCUMS.TEST_MED_CLAIMS (CLAIM_ID,CLAIM_DATE,CLAIM_AMOUNT,MEMBER_ID) values (-774,to_date('15-OCT-19','DD-MON-RR'),2020.62,-17);
Insert into ACCUMS.TEST_MED_CLAIMS (CLAIM_ID,CLAIM_DATE,CLAIM_AMOUNT,MEMBER_ID) values (-776,to_date('25-NOV-19','DD-MON-RR'),1502.76,-47);
Insert into ACCUMS.TEST_MED_CLAIMS (CLAIM_ID,CLAIM_DATE,CLAIM_AMOUNT,MEMBER_ID) values (-778,to_date('04-DEC-19','DD-MON-RR'),1013.96,-2);
Insert into ACCUMS.TEST_MED_CLAIMS (CLAIM_ID,CLAIM_DATE,CLAIM_AMOUNT,MEMBER_ID) values (-780,to_date('04-NOV-19','DD-MON-RR'),1257.16,-30);
Insert into ACCUMS.TEST_MED_CLAIMS (CLAIM_ID,CLAIM_DATE,CLAIM_AMOUNT,MEMBER_ID) values (-782,to_date('02-OCT-19','DD-MON-RR'),3790.77,-36);
Insert into ACCUMS.TEST_MED_CLAIMS (CLAIM_ID,CLAIM_DATE,CLAIM_AMOUNT,MEMBER_ID) values (-784,to_date('27-NOV-19','DD-MON-RR'),4185.96,-46);
Insert into ACCUMS.TEST_MED_CLAIMS (CLAIM_ID,CLAIM_DATE,CLAIM_AMOUNT,MEMBER_ID) values (-786,to_date('04-OCT-19','DD-MON-RR'),2229.33,-30);
Insert into ACCUMS.TEST_MED_CLAIMS (CLAIM_ID,CLAIM_DATE,CLAIM_AMOUNT,MEMBER_ID) values (-788,to_date('21-NOV-19','DD-MON-RR'),539.56,-75);
Insert into ACCUMS.TEST_MED_CLAIMS (CLAIM_ID,CLAIM_DATE,CLAIM_AMOUNT,MEMBER_ID) values (-790,to_date('20-OCT-19','DD-MON-RR'),2175.52,-7);
Insert into ACCUMS.TEST_MED_CLAIMS (CLAIM_ID,CLAIM_DATE,CLAIM_AMOUNT,MEMBER_ID) values (-792,to_date('25-NOV-19','DD-MON-RR'),4258.07,-14);
Insert into ACCUMS.TEST_MED_CLAIMS (CLAIM_ID,CLAIM_DATE,CLAIM_AMOUNT,MEMBER_ID) values (-794,to_date('22-DEC-19','DD-MON-RR'),4374.24,-12);
Insert into ACCUMS.TEST_MED_CLAIMS (CLAIM_ID,CLAIM_DATE,CLAIM_AMOUNT,MEMBER_ID) values (-796,to_date('05-OCT-19','DD-MON-RR'),1657.46,-52);
Insert into ACCUMS.TEST_MED_CLAIMS (CLAIM_ID,CLAIM_DATE,CLAIM_AMOUNT,MEMBER_ID) values (-798,to_date('05-OCT-19','DD-MON-RR'),740.86,-29);
Insert into ACCUMS.TEST_MED_CLAIMS (CLAIM_ID,CLAIM_DATE,CLAIM_AMOUNT,MEMBER_ID) values (-800,to_date('31-DEC-19','DD-MON-RR'),3994.09,-16);
Insert into ACCUMS.TEST_MED_CLAIMS (CLAIM_ID,CLAIM_DATE,CLAIM_AMOUNT,MEMBER_ID) values (-802,to_date('06-NOV-19','DD-MON-RR'),4381.03,-55);
Insert into ACCUMS.TEST_MED_CLAIMS (CLAIM_ID,CLAIM_DATE,CLAIM_AMOUNT,MEMBER_ID) values (-804,to_date('11-OCT-19','DD-MON-RR'),755.22,-26);
Insert into ACCUMS.TEST_MED_CLAIMS (CLAIM_ID,CLAIM_DATE,CLAIM_AMOUNT,MEMBER_ID) values (-806,to_date('14-DEC-19','DD-MON-RR'),2257.54,-36);
Insert into ACCUMS.TEST_MED_CLAIMS (CLAIM_ID,CLAIM_DATE,CLAIM_AMOUNT,MEMBER_ID) values (-808,to_date('21-DEC-19','DD-MON-RR'),3878.61,-47);
Insert into ACCUMS.TEST_MED_CLAIMS (CLAIM_ID,CLAIM_DATE,CLAIM_AMOUNT,MEMBER_ID) values (-810,to_date('05-DEC-19','DD-MON-RR'),2645.4,-52);
Insert into ACCUMS.TEST_MED_CLAIMS (CLAIM_ID,CLAIM_DATE,CLAIM_AMOUNT,MEMBER_ID) values (-812,to_date('08-DEC-19','DD-MON-RR'),4096.73,-60);
Insert into ACCUMS.TEST_MED_CLAIMS (CLAIM_ID,CLAIM_DATE,CLAIM_AMOUNT,MEMBER_ID) values (-814,to_date('12-OCT-19','DD-MON-RR'),4307.86,-39);
Insert into ACCUMS.TEST_MED_CLAIMS (CLAIM_ID,CLAIM_DATE,CLAIM_AMOUNT,MEMBER_ID) values (-816,to_date('07-OCT-19','DD-MON-RR'),1103.9,-48);
Insert into ACCUMS.TEST_MED_CLAIMS (CLAIM_ID,CLAIM_DATE,CLAIM_AMOUNT,MEMBER_ID) values (-818,to_date('07-NOV-19','DD-MON-RR'),1308.87,-46);
Insert into ACCUMS.TEST_MED_CLAIMS (CLAIM_ID,CLAIM_DATE,CLAIM_AMOUNT,MEMBER_ID) values (-820,to_date('13-DEC-19','DD-MON-RR'),4946.34,-33);
Insert into ACCUMS.TEST_MED_CLAIMS (CLAIM_ID,CLAIM_DATE,CLAIM_AMOUNT,MEMBER_ID) values (-822,to_date('25-OCT-19','DD-MON-RR'),1079.46,-78);
Insert into ACCUMS.TEST_MED_CLAIMS (CLAIM_ID,CLAIM_DATE,CLAIM_AMOUNT,MEMBER_ID) values (-824,to_date('27-NOV-19','DD-MON-RR'),736.05,-26);
Insert into ACCUMS.TEST_MED_CLAIMS (CLAIM_ID,CLAIM_DATE,CLAIM_AMOUNT,MEMBER_ID) values (-826,to_date('06-NOV-19','DD-MON-RR'),604.18,-80);
Insert into ACCUMS.TEST_MED_CLAIMS (CLAIM_ID,CLAIM_DATE,CLAIM_AMOUNT,MEMBER_ID) values (-828,to_date('08-OCT-19','DD-MON-RR'),4874.35,-63);
Insert into ACCUMS.TEST_MED_CLAIMS (CLAIM_ID,CLAIM_DATE,CLAIM_AMOUNT,MEMBER_ID) values (-830,to_date('26-NOV-19','DD-MON-RR'),2884.8,-65);
Insert into ACCUMS.TEST_MED_CLAIMS (CLAIM_ID,CLAIM_DATE,CLAIM_AMOUNT,MEMBER_ID) values (-832,to_date('28-OCT-19','DD-MON-RR'),3257.64,-7);
Insert into ACCUMS.TEST_MED_CLAIMS (CLAIM_ID,CLAIM_DATE,CLAIM_AMOUNT,MEMBER_ID) values (-834,to_date('04-OCT-19','DD-MON-RR'),1848.69,-30);
Insert into ACCUMS.TEST_MED_CLAIMS (CLAIM_ID,CLAIM_DATE,CLAIM_AMOUNT,MEMBER_ID) values (-836,to_date('26-OCT-19','DD-MON-RR'),1356.38,-31);
Insert into ACCUMS.TEST_MED_CLAIMS (CLAIM_ID,CLAIM_DATE,CLAIM_AMOUNT,MEMBER_ID) values (-838,to_date('07-OCT-19','DD-MON-RR'),974.05,-77);
Insert into ACCUMS.TEST_MED_CLAIMS (CLAIM_ID,CLAIM_DATE,CLAIM_AMOUNT,MEMBER_ID) values (-840,to_date('31-DEC-19','DD-MON-RR'),1000,-64);
Insert into ACCUMS.TEST_MED_CLAIMS (CLAIM_ID,CLAIM_DATE,CLAIM_AMOUNT,MEMBER_ID) values (-842,to_date('03-OCT-19','DD-MON-RR'),828.24,-64);
Insert into ACCUMS.TEST_MED_CLAIMS (CLAIM_ID,CLAIM_DATE,CLAIM_AMOUNT,MEMBER_ID) values (-844,to_date('18-OCT-19','DD-MON-RR'),3051.53,-40);
Insert into ACCUMS.TEST_MED_CLAIMS (CLAIM_ID,CLAIM_DATE,CLAIM_AMOUNT,MEMBER_ID) values (-846,to_date('23-OCT-19','DD-MON-RR'),3440.35,-20);
Insert into ACCUMS.TEST_MED_CLAIMS (CLAIM_ID,CLAIM_DATE,CLAIM_AMOUNT,MEMBER_ID) values (-848,to_date('07-DEC-19','DD-MON-RR'),1934.41,-62);
Insert into ACCUMS.TEST_MED_CLAIMS (CLAIM_ID,CLAIM_DATE,CLAIM_AMOUNT,MEMBER_ID) values (-850,to_date('21-DEC-19','DD-MON-RR'),4116.11,-68);
Insert into ACCUMS.TEST_MED_CLAIMS (CLAIM_ID,CLAIM_DATE,CLAIM_AMOUNT,MEMBER_ID) values (-852,to_date('01-NOV-19','DD-MON-RR'),4748.73,-43);
Insert into ACCUMS.TEST_MED_CLAIMS (CLAIM_ID,CLAIM_DATE,CLAIM_AMOUNT,MEMBER_ID) values (-854,to_date('04-JAN-20','DD-MON-RR'),2932.03,-71);
Insert into ACCUMS.TEST_MED_CLAIMS (CLAIM_ID,CLAIM_DATE,CLAIM_AMOUNT,MEMBER_ID) values (-856,to_date('24-DEC-19','DD-MON-RR'),3622.26,-71);
Insert into ACCUMS.TEST_MED_CLAIMS (CLAIM_ID,CLAIM_DATE,CLAIM_AMOUNT,MEMBER_ID) values (-858,to_date('09-DEC-19','DD-MON-RR'),2048.93,-47);
Insert into ACCUMS.TEST_MED_CLAIMS (CLAIM_ID,CLAIM_DATE,CLAIM_AMOUNT,MEMBER_ID) values (-860,to_date('18-DEC-19','DD-MON-RR'),846.59,-79);
Insert into ACCUMS.TEST_MED_CLAIMS (CLAIM_ID,CLAIM_DATE,CLAIM_AMOUNT,MEMBER_ID) values (-862,to_date('15-OCT-19','DD-MON-RR'),2605.28,-45);
Insert into ACCUMS.TEST_MED_CLAIMS (CLAIM_ID,CLAIM_DATE,CLAIM_AMOUNT,MEMBER_ID) values (-864,to_date('03-JAN-20','DD-MON-RR'),4088.3,-23);
Insert into ACCUMS.TEST_MED_CLAIMS (CLAIM_ID,CLAIM_DATE,CLAIM_AMOUNT,MEMBER_ID) values (-866,to_date('25-DEC-19','DD-MON-RR'),2391.92,-10);
Insert into ACCUMS.TEST_MED_CLAIMS (CLAIM_ID,CLAIM_DATE,CLAIM_AMOUNT,MEMBER_ID) values (-868,to_date('31-DEC-19','DD-MON-RR'),2475.39,-19);
Insert into ACCUMS.TEST_MED_CLAIMS (CLAIM_ID,CLAIM_DATE,CLAIM_AMOUNT,MEMBER_ID) values (-870,to_date('16-OCT-19','DD-MON-RR'),4551.62,-10);
Insert into ACCUMS.TEST_MED_CLAIMS (CLAIM_ID,CLAIM_DATE,CLAIM_AMOUNT,MEMBER_ID) values (-872,to_date('31-OCT-19','DD-MON-RR'),4510.96,-9);
Insert into ACCUMS.TEST_MED_CLAIMS (CLAIM_ID,CLAIM_DATE,CLAIM_AMOUNT,MEMBER_ID) values (-874,to_date('25-NOV-19','DD-MON-RR'),1032.75,-44);
Insert into ACCUMS.TEST_MED_CLAIMS (CLAIM_ID,CLAIM_DATE,CLAIM_AMOUNT,MEMBER_ID) values (-876,to_date('30-DEC-19','DD-MON-RR'),2248.23,-71);
Insert into ACCUMS.TEST_MED_CLAIMS (CLAIM_ID,CLAIM_DATE,CLAIM_AMOUNT,MEMBER_ID) values (-878,to_date('10-DEC-19','DD-MON-RR'),1543.66,-53);
Insert into ACCUMS.TEST_MED_CLAIMS (CLAIM_ID,CLAIM_DATE,CLAIM_AMOUNT,MEMBER_ID) values (-880,to_date('01-DEC-19','DD-MON-RR'),3553.83,-35);
Insert into ACCUMS.TEST_MED_CLAIMS (CLAIM_ID,CLAIM_DATE,CLAIM_AMOUNT,MEMBER_ID) values (-882,to_date('05-OCT-19','DD-MON-RR'),3743.04,-58);
Insert into ACCUMS.TEST_MED_CLAIMS (CLAIM_ID,CLAIM_DATE,CLAIM_AMOUNT,MEMBER_ID) values (-884,to_date('20-DEC-19','DD-MON-RR'),2968.14,-55);
Insert into ACCUMS.TEST_MED_CLAIMS (CLAIM_ID,CLAIM_DATE,CLAIM_AMOUNT,MEMBER_ID) values (-886,to_date('26-DEC-19','DD-MON-RR'),893.99,-76);
Insert into ACCUMS.TEST_MED_CLAIMS (CLAIM_ID,CLAIM_DATE,CLAIM_AMOUNT,MEMBER_ID) values (-888,to_date('08-DEC-19','DD-MON-RR'),742.51,-18);
Insert into ACCUMS.TEST_MED_CLAIMS (CLAIM_ID,CLAIM_DATE,CLAIM_AMOUNT,MEMBER_ID) values (-890,to_date('14-DEC-19','DD-MON-RR'),429.24,-49);
Insert into ACCUMS.TEST_MED_CLAIMS (CLAIM_ID,CLAIM_DATE,CLAIM_AMOUNT,MEMBER_ID) values (-892,to_date('20-OCT-19','DD-MON-RR'),2053.16,-76);
Insert into ACCUMS.TEST_MED_CLAIMS (CLAIM_ID,CLAIM_DATE,CLAIM_AMOUNT,MEMBER_ID) values (-894,to_date('04-DEC-19','DD-MON-RR'),1425.35,-4);
Insert into ACCUMS.TEST_MED_CLAIMS (CLAIM_ID,CLAIM_DATE,CLAIM_AMOUNT,MEMBER_ID) values (-896,to_date('16-OCT-19','DD-MON-RR'),2175.97,-39);
Insert into ACCUMS.TEST_MED_CLAIMS (CLAIM_ID,CLAIM_DATE,CLAIM_AMOUNT,MEMBER_ID) values (-898,to_date('05-DEC-19','DD-MON-RR'),3522.86,-69);
Insert into ACCUMS.TEST_MED_CLAIMS (CLAIM_ID,CLAIM_DATE,CLAIM_AMOUNT,MEMBER_ID) values (-900,to_date('15-DEC-19','DD-MON-RR'),1084.76,-67);
Insert into ACCUMS.TEST_MED_CLAIMS (CLAIM_ID,CLAIM_DATE,CLAIM_AMOUNT,MEMBER_ID) values (-902,to_date('01-DEC-19','DD-MON-RR'),31.3,-1);
Insert into ACCUMS.TEST_MED_CLAIMS (CLAIM_ID,CLAIM_DATE,CLAIM_AMOUNT,MEMBER_ID) values (-904,to_date('17-DEC-19','DD-MON-RR'),2461.79,-38);
Insert into ACCUMS.TEST_MED_CLAIMS (CLAIM_ID,CLAIM_DATE,CLAIM_AMOUNT,MEMBER_ID) values (-906,to_date('02-NOV-19','DD-MON-RR'),858.62,-47);
Insert into ACCUMS.TEST_MED_CLAIMS (CLAIM_ID,CLAIM_DATE,CLAIM_AMOUNT,MEMBER_ID) values (-908,to_date('27-DEC-19','DD-MON-RR'),3016.87,-63);
Insert into ACCUMS.TEST_MED_CLAIMS (CLAIM_ID,CLAIM_DATE,CLAIM_AMOUNT,MEMBER_ID) values (-910,to_date('27-OCT-19','DD-MON-RR'),304.18,-51);
Insert into ACCUMS.TEST_MED_CLAIMS (CLAIM_ID,CLAIM_DATE,CLAIM_AMOUNT,MEMBER_ID) values (-912,to_date('10-NOV-19','DD-MON-RR'),3739.9,-24);
Insert into ACCUMS.TEST_MED_CLAIMS (CLAIM_ID,CLAIM_DATE,CLAIM_AMOUNT,MEMBER_ID) values (-914,to_date('02-DEC-19','DD-MON-RR'),406.28,-74);
Insert into ACCUMS.TEST_MED_CLAIMS (CLAIM_ID,CLAIM_DATE,CLAIM_AMOUNT,MEMBER_ID) values (-916,to_date('30-OCT-19','DD-MON-RR'),142.52,-70);
Insert into ACCUMS.TEST_MED_CLAIMS (CLAIM_ID,CLAIM_DATE,CLAIM_AMOUNT,MEMBER_ID) values (-918,to_date('02-DEC-19','DD-MON-RR'),1884.18,-66);
Insert into ACCUMS.TEST_MED_CLAIMS (CLAIM_ID,CLAIM_DATE,CLAIM_AMOUNT,MEMBER_ID) values (-920,to_date('13-DEC-19','DD-MON-RR'),660.28,-6);
Insert into ACCUMS.TEST_MED_CLAIMS (CLAIM_ID,CLAIM_DATE,CLAIM_AMOUNT,MEMBER_ID) values (-922,to_date('20-OCT-19','DD-MON-RR'),4107.43,-20);
Insert into ACCUMS.TEST_MED_CLAIMS (CLAIM_ID,CLAIM_DATE,CLAIM_AMOUNT,MEMBER_ID) values (-924,to_date('26-OCT-19','DD-MON-RR'),306.36,-21);
Insert into ACCUMS.TEST_MED_CLAIMS (CLAIM_ID,CLAIM_DATE,CLAIM_AMOUNT,MEMBER_ID) values (-926,to_date('27-DEC-19','DD-MON-RR'),4184.73,-51);
Insert into ACCUMS.TEST_MED_CLAIMS (CLAIM_ID,CLAIM_DATE,CLAIM_AMOUNT,MEMBER_ID) values (-928,to_date('26-NOV-19','DD-MON-RR'),618.27,-36);
Insert into ACCUMS.TEST_MED_CLAIMS (CLAIM_ID,CLAIM_DATE,CLAIM_AMOUNT,MEMBER_ID) values (-930,to_date('13-NOV-19','DD-MON-RR'),4329.46,-71);
Insert into ACCUMS.TEST_MED_CLAIMS (CLAIM_ID,CLAIM_DATE,CLAIM_AMOUNT,MEMBER_ID) values (-932,to_date('24-OCT-19','DD-MON-RR'),939.74,-72);
Insert into ACCUMS.TEST_MED_CLAIMS (CLAIM_ID,CLAIM_DATE,CLAIM_AMOUNT,MEMBER_ID) values (-934,to_date('07-OCT-19','DD-MON-RR'),2312.72,-8);
Insert into ACCUMS.TEST_MED_CLAIMS (CLAIM_ID,CLAIM_DATE,CLAIM_AMOUNT,MEMBER_ID) values (-936,to_date('17-OCT-19','DD-MON-RR'),2527.37,-18);
Insert into ACCUMS.TEST_MED_CLAIMS (CLAIM_ID,CLAIM_DATE,CLAIM_AMOUNT,MEMBER_ID) values (-938,to_date('05-NOV-19','DD-MON-RR'),3532.42,-21);
Insert into ACCUMS.TEST_MED_CLAIMS (CLAIM_ID,CLAIM_DATE,CLAIM_AMOUNT,MEMBER_ID) values (-940,to_date('10-OCT-19','DD-MON-RR'),1881.47,-55);
Insert into ACCUMS.TEST_MED_CLAIMS (CLAIM_ID,CLAIM_DATE,CLAIM_AMOUNT,MEMBER_ID) values (-942,to_date('15-NOV-19','DD-MON-RR'),2640.09,-21);
Insert into ACCUMS.TEST_MED_CLAIMS (CLAIM_ID,CLAIM_DATE,CLAIM_AMOUNT,MEMBER_ID) values (-944,to_date('08-NOV-19','DD-MON-RR'),324.73,-25);
Insert into ACCUMS.TEST_MED_CLAIMS (CLAIM_ID,CLAIM_DATE,CLAIM_AMOUNT,MEMBER_ID) values (-946,to_date('14-NOV-19','DD-MON-RR'),1385.53,-51);
Insert into ACCUMS.TEST_MED_CLAIMS (CLAIM_ID,CLAIM_DATE,CLAIM_AMOUNT,MEMBER_ID) values (-948,to_date('28-DEC-19','DD-MON-RR'),1108.38,-46);
Insert into ACCUMS.TEST_MED_CLAIMS (CLAIM_ID,CLAIM_DATE,CLAIM_AMOUNT,MEMBER_ID) values (-950,to_date('22-NOV-19','DD-MON-RR'),3420.25,-46);
Insert into ACCUMS.TEST_MED_CLAIMS (CLAIM_ID,CLAIM_DATE,CLAIM_AMOUNT,MEMBER_ID) values (-952,to_date('05-DEC-19','DD-MON-RR'),2440.99,-79);
Insert into ACCUMS.TEST_MED_CLAIMS (CLAIM_ID,CLAIM_DATE,CLAIM_AMOUNT,MEMBER_ID) values (-954,to_date('02-DEC-19','DD-MON-RR'),2301.94,-46);
Insert into ACCUMS.TEST_MED_CLAIMS (CLAIM_ID,CLAIM_DATE,CLAIM_AMOUNT,MEMBER_ID) values (-956,to_date('11-NOV-19','DD-MON-RR'),1061.26,-79);
Insert into ACCUMS.TEST_MED_CLAIMS (CLAIM_ID,CLAIM_DATE,CLAIM_AMOUNT,MEMBER_ID) values (-958,to_date('15-NOV-19','DD-MON-RR'),134.16,-48);
Insert into ACCUMS.TEST_MED_CLAIMS (CLAIM_ID,CLAIM_DATE,CLAIM_AMOUNT,MEMBER_ID) values (-960,to_date('23-NOV-19','DD-MON-RR'),151.46,-18);
Insert into ACCUMS.TEST_MED_CLAIMS (CLAIM_ID,CLAIM_DATE,CLAIM_AMOUNT,MEMBER_ID) values (-962,to_date('22-DEC-19','DD-MON-RR'),4815.57,-45);
Insert into ACCUMS.TEST_MED_CLAIMS (CLAIM_ID,CLAIM_DATE,CLAIM_AMOUNT,MEMBER_ID) values (-964,to_date('20-NOV-19','DD-MON-RR'),4668.41,-59);
Insert into ACCUMS.TEST_MED_CLAIMS (CLAIM_ID,CLAIM_DATE,CLAIM_AMOUNT,MEMBER_ID) values (-966,to_date('22-OCT-19','DD-MON-RR'),3523.36,-35);
Insert into ACCUMS.TEST_MED_CLAIMS (CLAIM_ID,CLAIM_DATE,CLAIM_AMOUNT,MEMBER_ID) values (-968,to_date('28-OCT-19','DD-MON-RR'),151,-57);
Insert into ACCUMS.TEST_MED_CLAIMS (CLAIM_ID,CLAIM_DATE,CLAIM_AMOUNT,MEMBER_ID) values (-970,to_date('22-OCT-19','DD-MON-RR'),4074.1,-42);
Insert into ACCUMS.TEST_MED_CLAIMS (CLAIM_ID,CLAIM_DATE,CLAIM_AMOUNT,MEMBER_ID) values (-972,to_date('10-NOV-19','DD-MON-RR'),2776.87,-34);
Insert into ACCUMS.TEST_MED_CLAIMS (CLAIM_ID,CLAIM_DATE,CLAIM_AMOUNT,MEMBER_ID) values (-974,to_date('23-DEC-19','DD-MON-RR'),428.94,-13);
Insert into ACCUMS.TEST_MED_CLAIMS (CLAIM_ID,CLAIM_DATE,CLAIM_AMOUNT,MEMBER_ID) values (-976,to_date('03-JAN-20','DD-MON-RR'),1682.82,-59);
Insert into ACCUMS.TEST_MED_CLAIMS (CLAIM_ID,CLAIM_DATE,CLAIM_AMOUNT,MEMBER_ID) values (-978,to_date('02-OCT-19','DD-MON-RR'),1029.26,-6);
Insert into ACCUMS.TEST_MED_CLAIMS (CLAIM_ID,CLAIM_DATE,CLAIM_AMOUNT,MEMBER_ID) values (-980,to_date('19-NOV-19','DD-MON-RR'),4857.15,-62);
Insert into ACCUMS.TEST_MED_CLAIMS (CLAIM_ID,CLAIM_DATE,CLAIM_AMOUNT,MEMBER_ID) values (-982,to_date('29-DEC-19','DD-MON-RR'),482.54,-40);
Insert into ACCUMS.TEST_MED_CLAIMS (CLAIM_ID,CLAIM_DATE,CLAIM_AMOUNT,MEMBER_ID) values (-984,to_date('09-DEC-19','DD-MON-RR'),4771.25,-63);
Insert into ACCUMS.TEST_MED_CLAIMS (CLAIM_ID,CLAIM_DATE,CLAIM_AMOUNT,MEMBER_ID) values (-986,to_date('06-DEC-19','DD-MON-RR'),3924.16,-30);
Insert into ACCUMS.TEST_MED_CLAIMS (CLAIM_ID,CLAIM_DATE,CLAIM_AMOUNT,MEMBER_ID) values (-988,to_date('19-OCT-19','DD-MON-RR'),3912.4,-3);
Insert into ACCUMS.TEST_MED_CLAIMS (CLAIM_ID,CLAIM_DATE,CLAIM_AMOUNT,MEMBER_ID) values (-990,to_date('08-NOV-19','DD-MON-RR'),529.71,-43);
Insert into ACCUMS.TEST_MED_CLAIMS (CLAIM_ID,CLAIM_DATE,CLAIM_AMOUNT,MEMBER_ID) values (-992,to_date('26-NOV-19','DD-MON-RR'),1361.05,-15);
Insert into ACCUMS.TEST_MED_CLAIMS (CLAIM_ID,CLAIM_DATE,CLAIM_AMOUNT,MEMBER_ID) values (-994,to_date('11-DEC-19','DD-MON-RR'),1767.48,-24);
Insert into ACCUMS.TEST_MED_CLAIMS (CLAIM_ID,CLAIM_DATE,CLAIM_AMOUNT,MEMBER_ID) values (-996,to_date('02-DEC-19','DD-MON-RR'),1634.09,-79);
Insert into ACCUMS.TEST_MED_CLAIMS (CLAIM_ID,CLAIM_DATE,CLAIM_AMOUNT,MEMBER_ID) values (-998,to_date('14-DEC-19','DD-MON-RR'),1629.42,-61);
Insert into ACCUMS.TEST_MED_CLAIMS (CLAIM_ID,CLAIM_DATE,CLAIM_AMOUNT,MEMBER_ID) values (-1000,to_date('06-DEC-19','DD-MON-RR'),3654.99,-17);
Insert into ACCUMS.TEST_MED_CLAIMS (CLAIM_ID,CLAIM_DATE,CLAIM_AMOUNT,MEMBER_ID) values (-564,to_date('30-NOV-19','DD-MON-RR'),4617.43,-40);
Insert into ACCUMS.TEST_MED_CLAIMS (CLAIM_ID,CLAIM_DATE,CLAIM_AMOUNT,MEMBER_ID) values (-566,to_date('13-DEC-19','DD-MON-RR'),463.02,-7);
Insert into ACCUMS.TEST_MED_CLAIMS (CLAIM_ID,CLAIM_DATE,CLAIM_AMOUNT,MEMBER_ID) values (-568,to_date('02-JAN-20','DD-MON-RR'),4609,-44);
Insert into ACCUMS.TEST_MED_CLAIMS (CLAIM_ID,CLAIM_DATE,CLAIM_AMOUNT,MEMBER_ID) values (-570,to_date('21-DEC-19','DD-MON-RR'),1896.14,-7);
Insert into ACCUMS.TEST_MED_CLAIMS (CLAIM_ID,CLAIM_DATE,CLAIM_AMOUNT,MEMBER_ID) values (-572,to_date('23-NOV-19','DD-MON-RR'),948.65,-56);
Insert into ACCUMS.TEST_MED_CLAIMS (CLAIM_ID,CLAIM_DATE,CLAIM_AMOUNT,MEMBER_ID) values (-574,to_date('29-DEC-19','DD-MON-RR'),3700.32,-15);
Insert into ACCUMS.TEST_MED_CLAIMS (CLAIM_ID,CLAIM_DATE,CLAIM_AMOUNT,MEMBER_ID) values (-576,to_date('09-NOV-19','DD-MON-RR'),3511.93,-30);
Insert into ACCUMS.TEST_MED_CLAIMS (CLAIM_ID,CLAIM_DATE,CLAIM_AMOUNT,MEMBER_ID) values (-578,to_date('29-NOV-19','DD-MON-RR'),4214.86,-24);
Insert into ACCUMS.TEST_MED_CLAIMS (CLAIM_ID,CLAIM_DATE,CLAIM_AMOUNT,MEMBER_ID) values (-580,to_date('11-DEC-19','DD-MON-RR'),3306.13,-40);
Insert into ACCUMS.TEST_MED_CLAIMS (CLAIM_ID,CLAIM_DATE,CLAIM_AMOUNT,MEMBER_ID) values (-582,to_date('02-OCT-19','DD-MON-RR'),4332.57,-10);
Insert into ACCUMS.TEST_MED_CLAIMS (CLAIM_ID,CLAIM_DATE,CLAIM_AMOUNT,MEMBER_ID) values (-584,to_date('31-OCT-19','DD-MON-RR'),1833.83,-67);
Insert into ACCUMS.TEST_MED_CLAIMS (CLAIM_ID,CLAIM_DATE,CLAIM_AMOUNT,MEMBER_ID) values (-586,to_date('08-OCT-19','DD-MON-RR'),3370.56,-50);
Insert into ACCUMS.TEST_MED_CLAIMS (CLAIM_ID,CLAIM_DATE,CLAIM_AMOUNT,MEMBER_ID) values (-588,to_date('12-NOV-19','DD-MON-RR'),2951.09,-19);
Insert into ACCUMS.TEST_MED_CLAIMS (CLAIM_ID,CLAIM_DATE,CLAIM_AMOUNT,MEMBER_ID) values (-590,to_date('08-OCT-19','DD-MON-RR'),3778.04,-68);
Insert into ACCUMS.TEST_MED_CLAIMS (CLAIM_ID,CLAIM_DATE,CLAIM_AMOUNT,MEMBER_ID) values (-592,to_date('05-NOV-19','DD-MON-RR'),495.3,-49);
Insert into ACCUMS.TEST_MED_CLAIMS (CLAIM_ID,CLAIM_DATE,CLAIM_AMOUNT,MEMBER_ID) values (-594,to_date('07-JAN-20','DD-MON-RR'),1558.75,-6);
Insert into ACCUMS.TEST_MED_CLAIMS (CLAIM_ID,CLAIM_DATE,CLAIM_AMOUNT,MEMBER_ID) values (-596,to_date('17-OCT-19','DD-MON-RR'),1715.09,-42);
Insert into ACCUMS.TEST_MED_CLAIMS (CLAIM_ID,CLAIM_DATE,CLAIM_AMOUNT,MEMBER_ID) values (-598,to_date('12-NOV-19','DD-MON-RR'),4311.25,-21);
Insert into ACCUMS.TEST_MED_CLAIMS (CLAIM_ID,CLAIM_DATE,CLAIM_AMOUNT,MEMBER_ID) values (-600,to_date('09-DEC-19','DD-MON-RR'),4665.37,-50);
Insert into ACCUMS.TEST_MED_CLAIMS (CLAIM_ID,CLAIM_DATE,CLAIM_AMOUNT,MEMBER_ID) values (-602,to_date('11-OCT-19','DD-MON-RR'),1747.83,-38);
Insert into ACCUMS.TEST_MED_CLAIMS (CLAIM_ID,CLAIM_DATE,CLAIM_AMOUNT,MEMBER_ID) values (-604,to_date('31-DEC-19','DD-MON-RR'),4721.15,-79);
Insert into ACCUMS.TEST_MED_CLAIMS (CLAIM_ID,CLAIM_DATE,CLAIM_AMOUNT,MEMBER_ID) values (-606,to_date('02-NOV-19','DD-MON-RR'),2103.92,-75);
Insert into ACCUMS.TEST_MED_CLAIMS (CLAIM_ID,CLAIM_DATE,CLAIM_AMOUNT,MEMBER_ID) values (-608,to_date('24-DEC-19','DD-MON-RR'),2576.46,-50);
Insert into ACCUMS.TEST_MED_CLAIMS (CLAIM_ID,CLAIM_DATE,CLAIM_AMOUNT,MEMBER_ID) values (-610,to_date('16-OCT-19','DD-MON-RR'),4769.37,-4);
Insert into ACCUMS.TEST_MED_CLAIMS (CLAIM_ID,CLAIM_DATE,CLAIM_AMOUNT,MEMBER_ID) values (-612,to_date('30-DEC-19','DD-MON-RR'),4569.74,-53);
Insert into ACCUMS.TEST_MED_CLAIMS (CLAIM_ID,CLAIM_DATE,CLAIM_AMOUNT,MEMBER_ID) values (-614,to_date('04-NOV-19','DD-MON-RR'),4673.14,-24);
Insert into ACCUMS.TEST_MED_CLAIMS (CLAIM_ID,CLAIM_DATE,CLAIM_AMOUNT,MEMBER_ID) values (-616,to_date('03-OCT-19','DD-MON-RR'),1283.37,-23);
Insert into ACCUMS.TEST_MED_CLAIMS (CLAIM_ID,CLAIM_DATE,CLAIM_AMOUNT,MEMBER_ID) values (-618,to_date('13-DEC-19','DD-MON-RR'),2326.33,-36);
Insert into ACCUMS.TEST_MED_CLAIMS (CLAIM_ID,CLAIM_DATE,CLAIM_AMOUNT,MEMBER_ID) values (-620,to_date('23-DEC-19','DD-MON-RR'),3786.21,-25);
Insert into ACCUMS.TEST_MED_CLAIMS (CLAIM_ID,CLAIM_DATE,CLAIM_AMOUNT,MEMBER_ID) values (-622,to_date('19-OCT-19','DD-MON-RR'),926.09,-69);
Insert into ACCUMS.TEST_MED_CLAIMS (CLAIM_ID,CLAIM_DATE,CLAIM_AMOUNT,MEMBER_ID) values (-624,to_date('13-OCT-19','DD-MON-RR'),1701.43,-29);
Insert into ACCUMS.TEST_MED_CLAIMS (CLAIM_ID,CLAIM_DATE,CLAIM_AMOUNT,MEMBER_ID) values (-626,to_date('27-DEC-19','DD-MON-RR'),711.25,-62);
Insert into ACCUMS.TEST_MED_CLAIMS (CLAIM_ID,CLAIM_DATE,CLAIM_AMOUNT,MEMBER_ID) values (-628,to_date('20-NOV-19','DD-MON-RR'),622.54,-34);
Insert into ACCUMS.TEST_MED_CLAIMS (CLAIM_ID,CLAIM_DATE,CLAIM_AMOUNT,MEMBER_ID) values (-630,to_date('04-OCT-19','DD-MON-RR'),1293.63,-54);
Insert into ACCUMS.TEST_MED_CLAIMS (CLAIM_ID,CLAIM_DATE,CLAIM_AMOUNT,MEMBER_ID) values (-632,to_date('05-OCT-19','DD-MON-RR'),2442.67,-10);
Insert into ACCUMS.TEST_MED_CLAIMS (CLAIM_ID,CLAIM_DATE,CLAIM_AMOUNT,MEMBER_ID) values (-634,to_date('22-DEC-19','DD-MON-RR'),4341.49,-48);
Insert into ACCUMS.TEST_MED_CLAIMS (CLAIM_ID,CLAIM_DATE,CLAIM_AMOUNT,MEMBER_ID) values (-636,to_date('09-DEC-19','DD-MON-RR'),1969.41,-49);
Insert into ACCUMS.TEST_MED_CLAIMS (CLAIM_ID,CLAIM_DATE,CLAIM_AMOUNT,MEMBER_ID) values (-638,to_date('31-OCT-19','DD-MON-RR'),3286.73,-71);
Insert into ACCUMS.TEST_MED_CLAIMS (CLAIM_ID,CLAIM_DATE,CLAIM_AMOUNT,MEMBER_ID) values (-640,to_date('27-DEC-19','DD-MON-RR'),4010.38,-36);
Insert into ACCUMS.TEST_MED_CLAIMS (CLAIM_ID,CLAIM_DATE,CLAIM_AMOUNT,MEMBER_ID) values (-642,to_date('03-JAN-20','DD-MON-RR'),4257.04,-66);
Insert into ACCUMS.TEST_MED_CLAIMS (CLAIM_ID,CLAIM_DATE,CLAIM_AMOUNT,MEMBER_ID) values (-644,to_date('28-OCT-19','DD-MON-RR'),1515.9,-2);
Insert into ACCUMS.TEST_MED_CLAIMS (CLAIM_ID,CLAIM_DATE,CLAIM_AMOUNT,MEMBER_ID) values (-646,to_date('31-DEC-19','DD-MON-RR'),4022.35,-42);
Insert into ACCUMS.TEST_MED_CLAIMS (CLAIM_ID,CLAIM_DATE,CLAIM_AMOUNT,MEMBER_ID) values (-648,to_date('03-NOV-19','DD-MON-RR'),3381.9,-73);
Insert into ACCUMS.TEST_MED_CLAIMS (CLAIM_ID,CLAIM_DATE,CLAIM_AMOUNT,MEMBER_ID) values (-650,to_date('26-NOV-19','DD-MON-RR'),439.48,-24);
Insert into ACCUMS.TEST_MED_CLAIMS (CLAIM_ID,CLAIM_DATE,CLAIM_AMOUNT,MEMBER_ID) values (-652,to_date('30-DEC-19','DD-MON-RR'),1161.6,-58);
Insert into ACCUMS.TEST_MED_CLAIMS (CLAIM_ID,CLAIM_DATE,CLAIM_AMOUNT,MEMBER_ID) values (-654,to_date('30-DEC-19','DD-MON-RR'),181.36,-56);
Insert into ACCUMS.TEST_MED_CLAIMS (CLAIM_ID,CLAIM_DATE,CLAIM_AMOUNT,MEMBER_ID) values (-656,to_date('04-JAN-20','DD-MON-RR'),3932.88,-37);
Insert into ACCUMS.TEST_MED_CLAIMS (CLAIM_ID,CLAIM_DATE,CLAIM_AMOUNT,MEMBER_ID) values (-658,to_date('27-OCT-19','DD-MON-RR'),3971.31,-39);
Insert into ACCUMS.TEST_MED_CLAIMS (CLAIM_ID,CLAIM_DATE,CLAIM_AMOUNT,MEMBER_ID) values (-660,to_date('13-DEC-19','DD-MON-RR'),2464.84,-75);
Insert into ACCUMS.TEST_MED_CLAIMS (CLAIM_ID,CLAIM_DATE,CLAIM_AMOUNT,MEMBER_ID) values (-662,to_date('24-DEC-19','DD-MON-RR'),4115.79,-43);
Insert into ACCUMS.TEST_MED_CLAIMS (CLAIM_ID,CLAIM_DATE,CLAIM_AMOUNT,MEMBER_ID) values (-664,to_date('24-NOV-19','DD-MON-RR'),895.29,-67);
Insert into ACCUMS.TEST_MED_CLAIMS (CLAIM_ID,CLAIM_DATE,CLAIM_AMOUNT,MEMBER_ID) values (-666,to_date('11-DEC-19','DD-MON-RR'),3584.41,-38);
Insert into ACCUMS.TEST_MED_CLAIMS (CLAIM_ID,CLAIM_DATE,CLAIM_AMOUNT,MEMBER_ID) values (-668,to_date('01-NOV-19','DD-MON-RR'),924.55,-71);
Insert into ACCUMS.TEST_MED_CLAIMS (CLAIM_ID,CLAIM_DATE,CLAIM_AMOUNT,MEMBER_ID) values (-670,to_date('03-JAN-20','DD-MON-RR'),1829.45,-58);
Insert into ACCUMS.TEST_MED_CLAIMS (CLAIM_ID,CLAIM_DATE,CLAIM_AMOUNT,MEMBER_ID) values (-672,to_date('20-OCT-19','DD-MON-RR'),1224.26,-69);
Insert into ACCUMS.TEST_MED_CLAIMS (CLAIM_ID,CLAIM_DATE,CLAIM_AMOUNT,MEMBER_ID) values (-674,to_date('07-DEC-19','DD-MON-RR'),2518.05,-77);
Insert into ACCUMS.TEST_MED_CLAIMS (CLAIM_ID,CLAIM_DATE,CLAIM_AMOUNT,MEMBER_ID) values (-676,to_date('05-OCT-19','DD-MON-RR'),165.64,-41);
Insert into ACCUMS.TEST_MED_CLAIMS (CLAIM_ID,CLAIM_DATE,CLAIM_AMOUNT,MEMBER_ID) values (-678,to_date('28-OCT-19','DD-MON-RR'),4782.66,-55);
Insert into ACCUMS.TEST_MED_CLAIMS (CLAIM_ID,CLAIM_DATE,CLAIM_AMOUNT,MEMBER_ID) values (-680,to_date('22-OCT-19','DD-MON-RR'),1048.63,-16);
Insert into ACCUMS.TEST_MED_CLAIMS (CLAIM_ID,CLAIM_DATE,CLAIM_AMOUNT,MEMBER_ID) values (-682,to_date('21-OCT-19','DD-MON-RR'),1352.51,-34);

